INFO:app.bot.main:[version] bot 기동 — 커밋 7b0123a+dirty (2026-08-25T16:42) fix(7-6): 알림 억제를 Redis 공유 상태로 이전 — 프로세스 경계를 넘게
INFO:app.bot.main:starting polling
INFO:aiogram.dispatcher:Start polling
INFO:aiogram.dispatcher:Run polling for bot @sports_analyst_2026_bot id=8917065606 - 'sports_analyst_bot'
ERROR:aiogram.dispatcher:Failed to fetch updates - TelegramNetworkError: HTTP Client says - Request timeout error
WARNING:aiogram.dispatcher:Sleep for 1.000000 seconds and try again... (tryings = 0, bot id = 8917065606)
ERROR:aiogram.dispatcher:Failed to fetch updates - TelegramNetworkError: HTTP Client says - ClientConnectorError: Cannot connect to host api.telegram.org:443 ssl:default [Network is unreachable]
WARNING:aiogram.dispatcher:Sleep for 1.340662 seconds and try again... (tryings = 1, bot id = 8917065606)
ERROR:aiogram.dispatcher:Failed to fetch updates - TelegramNetworkError: HTTP Client says - ClientConnectorError: Cannot connect to host api.telegram.org:443 ssl:default [Network is unreachable]
WARNING:aiogram.dispatcher:Sleep for 1.626537 seconds and try again... (tryings = 2, bot id = 8917065606)
ERROR:aiogram.dispatcher:Failed to fetch updates - TelegramNetworkError: HTTP Client says - ClientConnectorError: Cannot connect to host api.telegram.org:443 ssl:default [Network is unreachable]
WARNING:aiogram.dispatcher:Sleep for 2.134511 seconds and try again... (tryings = 3, bot id = 8917065606)
ERROR:aiogram.dispatcher:Failed to fetch updates - TelegramNetworkError: HTTP Client says - ClientConnectorError: Cannot connect to host api.telegram.org:443 ssl:default [Network is unreachable]
WARNING:aiogram.dispatcher:Sleep for 2.779099 seconds and try again... (tryings = 4, bot id = 8917065606)
ERROR:aiogram.dispatcher:Failed to fetch updates - TelegramNetworkError: HTTP Client says - ClientConnectorError: Cannot connect to host api.telegram.org:443 ssl:default [Network is unreachable]
WARNING:aiogram.dispatcher:Sleep for 3.627792 seconds and try again... (tryings = 5, bot id = 8917065606)
ERROR:aiogram.dispatcher:Failed to fetch updates - TelegramNetworkError: HTTP Client says - ClientConnectorError: Cannot connect to host api.telegram.org:443 ssl:default [Network is unreachable]
WARNING:aiogram.dispatcher:Sleep for 4.838819 seconds and try again... (tryings = 6, bot id = 8917065606)
ERROR:aiogram.dispatcher:Failed to fetch updates - TelegramNetworkError: HTTP Client says - ClientConnectorError: Cannot connect to host api.telegram.org:443 ssl:default [Network is unreachable]
WARNING:aiogram.dispatcher:Sleep for 5.043576 seconds and try again... (tryings = 7, bot id = 8917065606)
ERROR:aiogram.dispatcher:Failed to fetch updates - TelegramNetworkError: HTTP Client says - ClientConnectorError: Cannot connect to host api.telegram.org:443 ssl:default [Network is unreachable]
WARNING:aiogram.dispatcher:Sleep for 5.069214 seconds and try again... (tryings = 8, bot id = 8917065606)
ERROR:aiogram.dispatcher:Failed to fetch updates - TelegramNetworkError: HTTP Client says - ClientConnectorError: Cannot connect to host api.telegram.org:443 ssl:default [Network is unreachable]
WARNING:aiogram.dispatcher:Sleep for 5.254769 seconds and try again... (tryings = 9, bot id = 8917065606)
ERROR:aiogram.dispatcher:Failed to fetch updates - TelegramNetworkError: HTTP Client says - ClientConnectorError: Cannot connect to host api.telegram.org:443 ssl:default [Network is unreachable]
WARNING:aiogram.dispatcher:Sleep for 4.913930 seconds and try again... (tryings = 10, bot id = 8917065606)
ERROR:aiogram.dispatcher:Failed to fetch updates - TelegramNetworkError: HTTP Client says - ClientConnectorError: Cannot connect to host api.telegram.org:443 ssl:default [Network is unreachable]
WARNING:aiogram.dispatcher:Sleep for 4.927257 seconds and try again... (tryings = 11, bot id = 8917065606)
ERROR:aiogram.dispatcher:Failed to fetch updates - TelegramNetworkError: HTTP Client says - ClientConnectorError: Cannot connect to host api.telegram.org:443 ssl:default [Network is unreachable]
WARNING:aiogram.dispatcher:Sleep for 5.080540 seconds and try again... (tryings = 12, bot id = 8917065606)
ERROR:aiogram.dispatcher:Failed to fetch updates - TelegramNetworkError: HTTP Client says - ClientConnectorError: Cannot connect to host api.telegram.org:443 ssl:default [Network is unreachable]
WARNING:aiogram.dispatcher:Sleep for 4.840389 seconds and try again... (tryings = 13, bot id = 8917065606)
ERROR:aiogram.dispatcher:Failed to fetch updates - TelegramNetworkError: HTTP Client says - ClientConnectorError: Cannot connect to host api.telegram.org:443 ssl:default [Network is unreachable]
WARNING:aiogram.dispatcher:Sleep for 5.008979 seconds and try again... (tryings = 14, bot id = 8917065606)
ERROR:aiogram.dispatcher:Failed to fetch updates - TelegramNetworkError: HTTP Client says - ClientConnectorError: Cannot connect to host api.telegram.org:443 ssl:default [Network is unreachable]
WARNING:aiogram.dispatcher:Sleep for 4.970904 seconds and try again... (tryings = 15, bot id = 8917065606)
ERROR:aiogram.dispatcher:Failed to fetch updates - TelegramNetworkError: HTTP Client says - ClientConnectorError: Cannot connect to host api.telegram.org:443 ssl:default [Network is unreachable]
WARNING:aiogram.dispatcher:Sleep for 5.069237 seconds and try again... (tryings = 16, bot id = 8917065606)
ERROR:aiogram.dispatcher:Failed to fetch updates - TelegramNetworkError: HTTP Client says - ClientConnectorError: Cannot connect to host api.telegram.org:443 ssl:default [Network is unreachable]
WARNING:aiogram.dispatcher:Sleep for 4.917142 seconds and try again... (tryings = 17, bot id = 8917065606)
ERROR:aiogram.dispatcher:Failed to fetch updates - TelegramNetworkError: HTTP Client says - ClientConnectorError: Cannot connect to host api.telegram.org:443 ssl:default [Network is unreachable]
WARNING:aiogram.dispatcher:Sleep for 4.881481 seconds and try again... (tryings = 18, bot id = 8917065606)
ERROR:aiogram.dispatcher:Failed to fetch updates - TelegramNetworkError: HTTP Client says - ClientConnectorError: Cannot connect to host api.telegram.org:443 ssl:default [Network is unreachable]
WARNING:aiogram.dispatcher:Sleep for 5.044233 seconds and try again... (tryings = 19, bot id = 8917065606)
ERROR:aiogram.dispatcher:Failed to fetch updates - TelegramNetworkError: HTTP Client says - ClientConnectorError: Cannot connect to host api.telegram.org:443 ssl:default [Network is unreachable]
WARNING:aiogram.dispatcher:Sleep for 5.176339 seconds and try again... (tryings = 20, bot id = 8917065606)
ERROR:aiogram.dispatcher:Failed to fetch updates - TelegramNetworkError: HTTP Client says - ClientConnectorError: Cannot connect to host api.telegram.org:443 ssl:default [Network is unreachable]
WARNING:aiogram.dispatcher:Sleep for 4.988194 seconds and try again... (tryings = 21, bot id = 8917065606)
ERROR:aiogram.dispatcher:Failed to fetch updates - TelegramNetworkError: HTTP Client says - ClientConnectorError: Cannot connect to host api.telegram.org:443 ssl:default [Network is unreachable]
WARNING:aiogram.dispatcher:Sleep for 5.091496 seconds and try again... (tryings = 22, bot id = 8917065606)
ERROR:aiogram.dispatcher:Failed to fetch updates - TelegramNetworkError: HTTP Client says - ClientConnectorError: Cannot connect to host api.telegram.org:443 ssl:default [Network is unreachable]
WARNING:aiogram.dispatcher:Sleep for 4.996526 seconds and try again... (tryings = 23, bot id = 8917065606)
ERROR:aiogram.dispatcher:Failed to fetch updates - TelegramNetworkError: HTTP Client says - ClientConnectorError: Cannot connect to host api.telegram.org:443 ssl:default [Network is unreachable]
WARNING:aiogram.dispatcher:Sleep for 5.026350 seconds and try again... (tryings = 24, bot id = 8917065606)
ERROR:aiogram.dispatcher:Failed to fetch updates - TelegramNetworkError: HTTP Client says - ClientConnectorError: Cannot connect to host api.telegram.org:443 ssl:default [Network is unreachable]
WARNING:aiogram.dispatcher:Sleep for 4.940407 seconds and try again... (tryings = 25, bot id = 8917065606)
ERROR:aiogram.dispatcher:Failed to fetch updates - TelegramNetworkError: HTTP Client says - ClientConnectorError: Cannot connect to host api.telegram.org:443 ssl:default [Network is unreachable]
WARNING:aiogram.dispatcher:Sleep for 4.911858 seconds and try again... (tryings = 26, bot id = 8917065606)
ERROR:app.notify:[notify] telegram 발송 실패: [Errno 8] nodename nor servname provided, or not known
ERROR:aiogram.dispatcher:Failed to fetch updates - TelegramNetworkError: HTTP Client says - ClientConnectorError: Cannot connect to host api.telegram.org:443 ssl:default [Network is unreachable]
WARNING:aiogram.dispatcher:Sleep for 5.017101 seconds and try again... (tryings = 27, bot id = 8917065606)
ERROR:aiogram.dispatcher:Failed to fetch updates - TelegramNetworkError: HTTP Client says - ClientConnectorError: Cannot connect to host api.telegram.org:443 ssl:default [Network is unreachable]
WARNING:aiogram.dispatcher:Sleep for 4.916316 seconds and try again... (tryings = 28, bot id = 8917065606)
ERROR:aiogram.dispatcher:Failed to fetch updates - TelegramNetworkError: HTTP Client says - ClientConnectorError: Cannot connect to host api.telegram.org:443 ssl:default [Network is unreachable]
WARNING:aiogram.dispatcher:Sleep for 4.896302 seconds and try again... (tryings = 29, bot id = 8917065606)
ERROR:aiogram.dispatcher:Failed to fetch updates - TelegramNetworkError: HTTP Client says - ClientConnectorError: Cannot connect to host api.telegram.org:443 ssl:default [Network is unreachable]
WARNING:aiogram.dispatcher:Sleep for 4.882159 seconds and try again... (tryings = 30, bot id = 8917065606)
ERROR:aiogram.dispatcher:Failed to fetch updates - TelegramNetworkError: HTTP Client says - ClientConnectorError: Cannot connect to host api.telegram.org:443 ssl:default [Network is unreachable]
WARNING:aiogram.dispatcher:Sleep for 4.822666 seconds and try again... (tryings = 31, bot id = 8917065606)
ERROR:aiogram.dispatcher:Failed to fetch updates - TelegramNetworkError: HTTP Client says - ClientConnectorError: Cannot connect to host api.telegram.org:443 ssl:default [Network is unreachable]
WARNING:aiogram.dispatcher:Sleep for 4.903426 seconds and try again... (tryings = 32, bot id = 8917065606)
ERROR:aiogram.dispatcher:Failed to fetch updates - TelegramNetworkError: HTTP Client says - ClientConnectorError: Cannot connect to host api.telegram.org:443 ssl:default [Network is unreachable]
WARNING:aiogram.dispatcher:Sleep for 4.943790 seconds and try again... (tryings = 33, bot id = 8917065606)
ERROR:aiogram.dispatcher:Failed to fetch updates - TelegramNetworkError: HTTP Client says - ClientConnectorError: Cannot connect to host api.telegram.org:443 ssl:default [Network is unreachable]
WARNING:aiogram.dispatcher:Sleep for 4.892685 seconds and try again... (tryings = 34, bot id = 8917065606)
ERROR:aiogram.dispatcher:Failed to fetch updates - TelegramNetworkError: HTTP Client says - ClientConnectorError: Cannot connect to host api.telegram.org:443 ssl:default [Network is unreachable]
WARNING:aiogram.dispatcher:Sleep for 4.872075 seconds and try again... (tryings = 35, bot id = 8917065606)
ERROR:aiogram.dispatcher:Failed to fetch updates - TelegramNetworkError: HTTP Client says - ClientConnectorError: Cannot connect to host api.telegram.org:443 ssl:default [Network is unreachable]
WARNING:aiogram.dispatcher:Sleep for 4.895135 seconds and try again... (tryings = 36, bot id = 8917065606)
ERROR:aiogram.dispatcher:Failed to fetch updates - TelegramNetworkError: HTTP Client says - ClientConnectorError: Cannot connect to host api.telegram.org:443 ssl:default [Network is unreachable]
WARNING:aiogram.dispatcher:Sleep for 4.970933 seconds and try again... (tryings = 37, bot id = 8917065606)
ERROR:aiogram.dispatcher:Failed to fetch updates - TelegramNetworkError: HTTP Client says - ClientConnectorError: Cannot connect to host api.telegram.org:443 ssl:default [Network is unreachable]
WARNING:aiogram.dispatcher:Sleep for 5.057667 seconds and try again... (tryings = 38, bot id = 8917065606)
ERROR:aiogram.dispatcher:Failed to fetch updates - TelegramNetworkError: HTTP Client says - ClientConnectorError: Cannot connect to host api.telegram.org:443 ssl:default [Network is unreachable]
WARNING:aiogram.dispatcher:Sleep for 4.972004 seconds and try again... (tryings = 39, bot id = 8917065606)
ERROR:aiogram.dispatcher:Failed to fetch updates - TelegramNetworkError: HTTP Client says - ClientConnectorError: Cannot connect to host api.telegram.org:443 ssl:default [Network is unreachable]
WARNING:aiogram.dispatcher:Sleep for 4.997527 seconds and try again... (tryings = 40, bot id = 8917065606)
ERROR:aiogram.dispatcher:Failed to fetch updates - TelegramNetworkError: HTTP Client says - ClientConnectorError: Cannot connect to host api.telegram.org:443 ssl:default [Network is unreachable]
WARNING:aiogram.dispatcher:Sleep for 4.856889 seconds and try again... (tryings = 41, bot id = 8917065606)
ERROR:aiogram.dispatcher:Failed to fetch updates - TelegramNetworkError: HTTP Client says - ClientConnectorError: Cannot connect to host api.telegram.org:443 ssl:default [Network is unreachable]
WARNING:aiogram.dispatcher:Sleep for 4.746611 seconds and try again... (tryings = 42, bot id = 8917065606)
ERROR:aiogram.dispatcher:Failed to fetch updates - TelegramNetworkError: HTTP Client says - ClientConnectorError: Cannot connect to host api.telegram.org:443 ssl:default [Network is unreachable]
WARNING:aiogram.dispatcher:Sleep for 5.128813 seconds and try again... (tryings = 43, bot id = 8917065606)
ERROR:aiogram.dispatcher:Failed to fetch updates - TelegramNetworkError: HTTP Client says - ClientConnectorError: Cannot connect to host api.telegram.org:443 ssl:default [Network is unreachable]
WARNING:aiogram.dispatcher:Sleep for 4.805895 seconds and try again... (tryings = 44, bot id = 8917065606)
ERROR:aiogram.dispatcher:Failed to fetch updates - TelegramNetworkError: HTTP Client says - ClientConnectorError: Cannot connect to host api.telegram.org:443 ssl:default [Network is unreachable]
WARNING:aiogram.dispatcher:Sleep for 4.968915 seconds and try again... (tryings = 45, bot id = 8917065606)
ERROR:aiogram.dispatcher:Failed to fetch updates - TelegramNetworkError: HTTP Client says - ClientConnectorError: Cannot connect to host api.telegram.org:443 ssl:default [Network is unreachable]
WARNING:aiogram.dispatcher:Sleep for 5.014794 seconds and try again... (tryings = 46, bot id = 8917065606)
ERROR:aiogram.dispatcher:Failed to fetch updates - TelegramNetworkError: HTTP Client says - ClientConnectorError: Cannot connect to host api.telegram.org:443 ssl:default [Network is unreachable]
WARNING:aiogram.dispatcher:Sleep for 5.007748 seconds and try again... (tryings = 47, bot id = 8917065606)
ERROR:aiogram.dispatcher:Failed to fetch updates - TelegramNetworkError: HTTP Client says - ClientConnectorError: Cannot connect to host api.telegram.org:443 ssl:default [Network is unreachable]
WARNING:aiogram.dispatcher:Sleep for 5.034600 seconds and try again... (tryings = 48, bot id = 8917065606)
ERROR:aiogram.dispatcher:Failed to fetch updates - TelegramNetworkError: HTTP Client says - ClientConnectorError: Cannot connect to host api.telegram.org:443 ssl:default [Network is unreachable]
WARNING:aiogram.dispatcher:Sleep for 5.169792 seconds and try again... (tryings = 49, bot id = 8917065606)
ERROR:aiogram.dispatcher:Failed to fetch updates - TelegramNetworkError: HTTP Client says - ClientConnectorError: Cannot connect to host api.telegram.org:443 ssl:default [Network is unreachable]
WARNING:aiogram.dispatcher:Sleep for 4.984817 seconds and try again... (tryings = 50, bot id = 8917065606)
ERROR:aiogram.dispatcher:Failed to fetch updates - TelegramNetworkError: HTTP Client says - ClientConnectorError: Cannot connect to host api.telegram.org:443 ssl:default [Network is unreachable]
WARNING:aiogram.dispatcher:Sleep for 4.862381 seconds and try again... (tryings = 51, bot id = 8917065606)
ERROR:aiogram.dispatcher:Failed to fetch updates - TelegramNetworkError: HTTP Client says - ClientConnectorError: Cannot connect to host api.telegram.org:443 ssl:default [Network is unreachable]
WARNING:aiogram.dispatcher:Sleep for 5.195314 seconds and try again... (tryings = 52, bot id = 8917065606)
ERROR:aiogram.dispatcher:Failed to fetch updates - TelegramNetworkError: HTTP Client says - ClientConnectorError: Cannot connect to host api.telegram.org:443 ssl:default [Network is unreachable]
WARNING:aiogram.dispatcher:Sleep for 4.887577 seconds and try again... (tryings = 53, bot id = 8917065606)
ERROR:aiogram.dispatcher:Failed to fetch updates - TelegramNetworkError: HTTP Client says - ClientConnectorError: Cannot connect to host api.telegram.org:443 ssl:default [Network is unreachable]
WARNING:aiogram.dispatcher:Sleep for 5.019533 seconds and try again... (tryings = 54, bot id = 8917065606)
ERROR:aiogram.dispatcher:Failed to fetch updates - TelegramNetworkError: HTTP Client says - ClientConnectorError: Cannot connect to host api.telegram.org:443 ssl:default [Network is unreachable]
WARNING:aiogram.dispatcher:Sleep for 4.877458 seconds and try again... (tryings = 55, bot id = 8917065606)
ERROR:aiogram.dispatcher:Failed to fetch updates - TelegramNetworkError: HTTP Client says - ClientConnectorError: Cannot connect to host api.telegram.org:443 ssl:default [Network is unreachable]
WARNING:aiogram.dispatcher:Sleep for 5.016914 seconds and try again... (tryings = 56, bot id = 8917065606)
ERROR:aiogram.dispatcher:Failed to fetch updates - TelegramNetworkError: HTTP Client says - ClientConnectorError: Cannot connect to host api.telegram.org:443 ssl:default [Network is unreachable]
WARNING:aiogram.dispatcher:Sleep for 4.890730 seconds and try again... (tryings = 57, bot id = 8917065606)
ERROR:aiogram.dispatcher:Failed to fetch updates - TelegramNetworkError: HTTP Client says - ClientConnectorError: Cannot connect to host api.telegram.org:443 ssl:default [Network is unreachable]
WARNING:aiogram.dispatcher:Sleep for 5.082058 seconds and try again... (tryings = 58, bot id = 8917065606)
ERROR:aiogram.dispatcher:Failed to fetch updates - TelegramNetworkError: HTTP Client says - ClientConnectorError: Cannot connect to host api.telegram.org:443 ssl:default [Network is unreachable]
WARNING:aiogram.dispatcher:Sleep for 5.043348 seconds and try again... (tryings = 59, bot id = 8917065606)
ERROR:aiogram.dispatcher:Failed to fetch updates - TelegramNetworkError: HTTP Client says - ClientConnectorError: Cannot connect to host api.telegram.org:443 ssl:default [Network is unreachable]
WARNING:aiogram.dispatcher:Sleep for 4.835234 seconds and try again... (tryings = 60, bot id = 8917065606)
ERROR:aiogram.dispatcher:Failed to fetch updates - TelegramNetworkError: HTTP Client says - ClientConnectorError: Cannot connect to host api.telegram.org:443 ssl:default [Network is unreachable]
WARNING:aiogram.dispatcher:Sleep for 4.784334 seconds and try again... (tryings = 61, bot id = 8917065606)
ERROR:aiogram.dispatcher:Failed to fetch updates - TelegramNetworkError: HTTP Client says - ClientConnectorError: Cannot connect to host api.telegram.org:443 ssl:default [Network is unreachable]
WARNING:aiogram.dispatcher:Sleep for 4.917657 seconds and try again... (tryings = 62, bot id = 8917065606)
ERROR:aiogram.dispatcher:Failed to fetch updates - TelegramNetworkError: HTTP Client says - ClientConnectorError: Cannot connect to host api.telegram.org:443 ssl:default [Network is unreachable]
WARNING:aiogram.dispatcher:Sleep for 4.856270 seconds and try again... (tryings = 63, bot id = 8917065606)
ERROR:aiogram.dispatcher:Failed to fetch updates - TelegramNetworkError: HTTP Client says - ClientConnectorError: Cannot connect to host api.telegram.org:443 ssl:default [Network is unreachable]
WARNING:aiogram.dispatcher:Sleep for 4.865123 seconds and try again... (tryings = 64, bot id = 8917065606)
ERROR:aiogram.dispatcher:Failed to fetch updates - TelegramNetworkError: HTTP Client says - ClientConnectorError: Cannot connect to host api.telegram.org:443 ssl:default [Network is unreachable]
WARNING:aiogram.dispatcher:Sleep for 4.902934 seconds and try again... (tryings = 65, bot id = 8917065606)
ERROR:aiogram.dispatcher:Failed to fetch updates - TelegramNetworkError: HTTP Client says - ClientConnectorError: Cannot connect to host api.telegram.org:443 ssl:default [Network is unreachable]
WARNING:aiogram.dispatcher:Sleep for 4.981611 seconds and try again... (tryings = 66, bot id = 8917065606)
ERROR:aiogram.dispatcher:Failed to fetch updates - TelegramNetworkError: HTTP Client says - ClientConnectorError: Cannot connect to host api.telegram.org:443 ssl:default [Network is unreachable]
WARNING:aiogram.dispatcher:Sleep for 5.135294 seconds and try again... (tryings = 67, bot id = 8917065606)
ERROR:aiogram.dispatcher:Failed to fetch updates - TelegramNetworkError: HTTP Client says - ClientConnectorError: Cannot connect to host api.telegram.org:443 ssl:default [Network is unreachable]
WARNING:aiogram.dispatcher:Sleep for 4.991766 seconds and try again... (tryings = 68, bot id = 8917065606)
ERROR:aiogram.dispatcher:Failed to fetch updates - TelegramNetworkError: HTTP Client says - ClientConnectorError: Cannot connect to host api.telegram.org:443 ssl:default [Network is unreachable]
WARNING:aiogram.dispatcher:Sleep for 5.005867 seconds and try again... (tryings = 69, bot id = 8917065606)
ERROR:aiogram.dispatcher:Failed to fetch updates - TelegramNetworkError: HTTP Client says - ClientConnectorError: Cannot connect to host api.telegram.org:443 ssl:default [Network is unreachable]
WARNING:aiogram.dispatcher:Sleep for 4.921017 seconds and try again... (tryings = 70, bot id = 8917065606)
ERROR:aiogram.dispatcher:Failed to fetch updates - TelegramNetworkError: HTTP Client says - ClientConnectorError: Cannot connect to host api.telegram.org:443 ssl:default [Network is unreachable]
WARNING:aiogram.dispatcher:Sleep for 4.991889 seconds and try again... (tryings = 71, bot id = 8917065606)
ERROR:aiogram.dispatcher:Failed to fetch updates - TelegramNetworkError: HTTP Client says - ClientConnectorError: Cannot connect to host api.telegram.org:443 ssl:default [Network is unreachable]
WARNING:aiogram.dispatcher:Sleep for 5.048740 seconds and try again... (tryings = 72, bot id = 8917065606)
ERROR:aiogram.dispatcher:Failed to fetch updates - TelegramNetworkError: HTTP Client says - ClientConnectorError: Cannot connect to host api.telegram.org:443 ssl:default [Network is unreachable]
WARNING:aiogram.dispatcher:Sleep for 5.140510 seconds and try again... (tryings = 73, bot id = 8917065606)
ERROR:aiogram.dispatcher:Failed to fetch updates - TelegramNetworkError: HTTP Client says - ClientConnectorError: Cannot connect to host api.telegram.org:443 ssl:default [Network is unreachable]
WARNING:aiogram.dispatcher:Sleep for 4.968692 seconds and try again... (tryings = 74, bot id = 8917065606)
ERROR:aiogram.dispatcher:Failed to fetch updates - TelegramNetworkError: HTTP Client says - ClientConnectorError: Cannot connect to host api.telegram.org:443 ssl:default [Network is unreachable]
WARNING:aiogram.dispatcher:Sleep for 5.020873 seconds and try again... (tryings = 75, bot id = 8917065606)
ERROR:aiogram.dispatcher:Failed to fetch updates - TelegramNetworkError: HTTP Client says - ClientConnectorError: Cannot connect to host api.telegram.org:443 ssl:default [Network is unreachable]
WARNING:aiogram.dispatcher:Sleep for 4.994260 seconds and try again... (tryings = 76, bot id = 8917065606)
ERROR:aiogram.dispatcher:Failed to fetch updates - TelegramNetworkError: HTTP Client says - ClientConnectorError: Cannot connect to host api.telegram.org:443 ssl:default [Network is unreachable]
WARNING:aiogram.dispatcher:Sleep for 4.922861 seconds and try again... (tryings = 77, bot id = 8917065606)
ERROR:aiogram.dispatcher:Failed to fetch updates - TelegramNetworkError: HTTP Client says - ClientConnectorError: Cannot connect to host api.telegram.org:443 ssl:default [Network is unreachable]
WARNING:aiogram.dispatcher:Sleep for 4.983954 seconds and try again... (tryings = 78, bot id = 8917065606)
ERROR:aiogram.dispatcher:Failed to fetch updates - TelegramNetworkError: HTTP Client says - ClientConnectorError: Cannot connect to host api.telegram.org:443 ssl:default [Network is unreachable]
WARNING:aiogram.dispatcher:Sleep for 4.942408 seconds and try again... (tryings = 79, bot id = 8917065606)
ERROR:aiogram.dispatcher:Failed to fetch updates - TelegramNetworkError: HTTP Client says - ClientConnectorError: Cannot connect to host api.telegram.org:443 ssl:default [Network is unreachable]
WARNING:aiogram.dispatcher:Sleep for 4.981140 seconds and try again... (tryings = 80, bot id = 8917065606)
ERROR:aiogram.dispatcher:Failed to fetch updates - TelegramNetworkError: HTTP Client says - ClientConnectorError: Cannot connect to host api.telegram.org:443 ssl:default [Network is unreachable]
WARNING:aiogram.dispatcher:Sleep for 5.025295 seconds and try again... (tryings = 81, bot id = 8917065606)
ERROR:aiogram.dispatcher:Failed to fetch updates - TelegramNetworkError: HTTP Client says - ClientConnectorError: Cannot connect to host api.telegram.org:443 ssl:default [Network is unreachable]
WARNING:aiogram.dispatcher:Sleep for 5.074345 seconds and try again... (tryings = 82, bot id = 8917065606)
ERROR:aiogram.dispatcher:Failed to fetch updates - TelegramNetworkError: HTTP Client says - ClientConnectorError: Cannot connect to host api.telegram.org:443 ssl:default [Network is unreachable]
WARNING:aiogram.dispatcher:Sleep for 4.955437 seconds and try again... (tryings = 83, bot id = 8917065606)
ERROR:aiogram.dispatcher:Failed to fetch updates - TelegramNetworkError: HTTP Client says - ClientConnectorError: Cannot connect to host api.telegram.org:443 ssl:default [Network is unreachable]
WARNING:aiogram.dispatcher:Sleep for 5.153558 seconds and try again... (tryings = 84, bot id = 8917065606)
ERROR:aiogram.dispatcher:Failed to fetch updates - TelegramNetworkError: HTTP Client says - ClientConnectorError: Cannot connect to host api.telegram.org:443 ssl:default [Network is unreachable]
WARNING:aiogram.dispatcher:Sleep for 4.994842 seconds and try again... (tryings = 85, bot id = 8917065606)
ERROR:aiogram.dispatcher:Failed to fetch updates - TelegramNetworkError: HTTP Client says - ClientConnectorError: Cannot connect to host api.telegram.org:443 ssl:default [Network is unreachable]
WARNING:aiogram.dispatcher:Sleep for 5.021109 seconds and try again... (tryings = 86, bot id = 8917065606)
ERROR:aiogram.dispatcher:Failed to fetch updates - TelegramNetworkError: HTTP Client says - ClientConnectorError: Cannot connect to host api.telegram.org:443 ssl:default [Network is unreachable]
WARNING:aiogram.dispatcher:Sleep for 4.945870 seconds and try again... (tryings = 87, bot id = 8917065606)
ERROR:aiogram.dispatcher:Failed to fetch updates - TelegramNetworkError: HTTP Client says - ClientConnectorError: Cannot connect to host api.telegram.org:443 ssl:default [Network is unreachable]
WARNING:aiogram.dispatcher:Sleep for 5.035837 seconds and try again... (tryings = 88, bot id = 8917065606)
ERROR:aiogram.dispatcher:Failed to fetch updates - TelegramNetworkError: HTTP Client says - ClientConnectorError: Cannot connect to host api.telegram.org:443 ssl:default [Network is unreachable]
WARNING:aiogram.dispatcher:Sleep for 4.979788 seconds and try again... (tryings = 89, bot id = 8917065606)
ERROR:aiogram.dispatcher:Failed to fetch updates - TelegramNetworkError: HTTP Client says - ClientConnectorError: Cannot connect to host api.telegram.org:443 ssl:default [Network is unreachable]
WARNING:aiogram.dispatcher:Sleep for 4.835972 seconds and try again... (tryings = 90, bot id = 8917065606)
ERROR:aiogram.dispatcher:Failed to fetch updates - TelegramNetworkError: HTTP Client says - ClientConnectorError: Cannot connect to host api.telegram.org:443 ssl:default [Network is unreachable]
WARNING:aiogram.dispatcher:Sleep for 5.069716 seconds and try again... (tryings = 91, bot id = 8917065606)
ERROR:aiogram.dispatcher:Failed to fetch updates - TelegramNetworkError: HTTP Client says - ClientConnectorError: Cannot connect to host api.telegram.org:443 ssl:default [Network is unreachable]
WARNING:aiogram.dispatcher:Sleep for 5.197835 seconds and try again... (tryings = 92, bot id = 8917065606)
ERROR:aiogram.dispatcher:Failed to fetch updates - TelegramNetworkError: HTTP Client says - ClientConnectorError: Cannot connect to host api.telegram.org:443 ssl:default [Network is unreachable]
WARNING:aiogram.dispatcher:Sleep for 5.040418 seconds and try again... (tryings = 93, bot id = 8917065606)
ERROR:aiogram.dispatcher:Failed to fetch updates - TelegramNetworkError: HTTP Client says - ClientConnectorError: Cannot connect to host api.telegram.org:443 ssl:default [Network is unreachable]
WARNING:aiogram.dispatcher:Sleep for 5.060430 seconds and try again... (tryings = 94, bot id = 8917065606)
ERROR:aiogram.dispatcher:Failed to fetch updates - TelegramNetworkError: HTTP Client says - ClientConnectorError: Cannot connect to host api.telegram.org:443 ssl:default [Network is unreachable]
WARNING:aiogram.dispatcher:Sleep for 5.131832 seconds and try again... (tryings = 95, bot id = 8917065606)
ERROR:aiogram.dispatcher:Failed to fetch updates - TelegramNetworkError: HTTP Client says - ClientConnectorError: Cannot connect to host api.telegram.org:443 ssl:default [Network is unreachable]
WARNING:aiogram.dispatcher:Sleep for 5.019377 seconds and try again... (tryings = 96, bot id = 8917065606)
ERROR:aiogram.dispatcher:Failed to fetch updates - TelegramNetworkError: HTTP Client says - ClientConnectorError: Cannot connect to host api.telegram.org:443 ssl:default [Network is unreachable]
WARNING:aiogram.dispatcher:Sleep for 4.985414 seconds and try again... (tryings = 97, bot id = 8917065606)
ERROR:aiogram.dispatcher:Failed to fetch updates - TelegramNetworkError: HTTP Client says - ClientConnectorError: Cannot connect to host api.telegram.org:443 ssl:default [Network is unreachable]
WARNING:aiogram.dispatcher:Sleep for 4.771485 seconds and try again... (tryings = 98, bot id = 8917065606)
ERROR:aiogram.dispatcher:Failed to fetch updates - TelegramNetworkError: HTTP Client says - ClientConnectorError: Cannot connect to host api.telegram.org:443 ssl:default [Network is unreachable]
WARNING:aiogram.dispatcher:Sleep for 5.033452 seconds and try again... (tryings = 99, bot id = 8917065606)
ERROR:aiogram.dispatcher:Failed to fetch updates - TelegramNetworkError: HTTP Client says - ClientConnectorError: Cannot connect to host api.telegram.org:443 ssl:default [Network is unreachable]
WARNING:aiogram.dispatcher:Sleep for 5.046862 seconds and try again... (tryings = 100, bot id = 8917065606)
ERROR:aiogram.dispatcher:Failed to fetch updates - TelegramNetworkError: HTTP Client says - ClientConnectorError: Cannot connect to host api.telegram.org:443 ssl:default [Network is unreachable]
WARNING:aiogram.dispatcher:Sleep for 4.973781 seconds and try again... (tryings = 101, bot id = 8917065606)
ERROR:aiogram.dispatcher:Failed to fetch updates - TelegramNetworkError: HTTP Client says - ClientConnectorError: Cannot connect to host api.telegram.org:443 ssl:default [Network is unreachable]
WARNING:aiogram.dispatcher:Sleep for 4.901058 seconds and try again... (tryings = 102, bot id = 8917065606)
ERROR:aiogram.dispatcher:Failed to fetch updates - TelegramNetworkError: HTTP Client says - ClientConnectorError: Cannot connect to host api.telegram.org:443 ssl:default [Network is unreachable]
WARNING:aiogram.dispatcher:Sleep for 5.211498 seconds and try again... (tryings = 103, bot id = 8917065606)
ERROR:aiogram.dispatcher:Failed to fetch updates - TelegramNetworkError: HTTP Client says - ClientConnectorError: Cannot connect to host api.telegram.org:443 ssl:default [Network is unreachable]
WARNING:aiogram.dispatcher:Sleep for 5.154533 seconds and try again... (tryings = 104, bot id = 8917065606)
ERROR:aiogram.dispatcher:Failed to fetch updates - TelegramNetworkError: HTTP Client says - ClientConnectorError: Cannot connect to host api.telegram.org:443 ssl:default [Network is unreachable]
WARNING:aiogram.dispatcher:Sleep for 4.961989 seconds and try again... (tryings = 105, bot id = 8917065606)
ERROR:aiogram.dispatcher:Failed to fetch updates - TelegramNetworkError: HTTP Client says - ClientConnectorError: Cannot connect to host api.telegram.org:443 ssl:default [Network is unreachable]
WARNING:aiogram.dispatcher:Sleep for 5.000192 seconds and try again... (tryings = 106, bot id = 8917065606)
ERROR:aiogram.dispatcher:Failed to fetch updates - TelegramNetworkError: HTTP Client says - ClientConnectorError: Cannot connect to host api.telegram.org:443 ssl:default [Network is unreachable]
WARNING:aiogram.dispatcher:Sleep for 4.873149 seconds and try again... (tryings = 107, bot id = 8917065606)
ERROR:aiogram.dispatcher:Failed to fetch updates - TelegramNetworkError: HTTP Client says - ClientConnectorError: Cannot connect to host api.telegram.org:443 ssl:default [Network is unreachable]
WARNING:aiogram.dispatcher:Sleep for 4.933834 seconds and try again... (tryings = 108, bot id = 8917065606)
ERROR:aiogram.dispatcher:Failed to fetch updates - TelegramNetworkError: HTTP Client says - ClientConnectorError: Cannot connect to host api.telegram.org:443 ssl:default [Network is unreachable]
WARNING:aiogram.dispatcher:Sleep for 4.931501 seconds and try again... (tryings = 109, bot id = 8917065606)
ERROR:aiogram.dispatcher:Failed to fetch updates - TelegramNetworkError: HTTP Client says - ClientConnectorError: Cannot connect to host api.telegram.org:443 ssl:default [Network is unreachable]
WARNING:aiogram.dispatcher:Sleep for 5.001721 seconds and try again... (tryings = 110, bot id = 8917065606)
ERROR:aiogram.dispatcher:Failed to fetch updates - TelegramNetworkError: HTTP Client says - ClientConnectorDNSError: Cannot connect to host api.telegram.org:443 ssl:default [nodename nor servname provided, or not known]
WARNING:aiogram.dispatcher:Sleep for 5.061290 seconds and try again... (tryings = 111, bot id = 8917065606)
ERROR:aiogram.dispatcher:Failed to fetch updates - TelegramNetworkError: HTTP Client says - ClientConnectorDNSError: Cannot connect to host api.telegram.org:443 ssl:default [nodename nor servname provided, or not known]
WARNING:aiogram.dispatcher:Sleep for 5.035809 seconds and try again... (tryings = 112, bot id = 8917065606)
ERROR:aiogram.dispatcher:Failed to fetch updates - TelegramNetworkError: HTTP Client says - ClientConnectorDNSError: Cannot connect to host api.telegram.org:443 ssl:default [nodename nor servname provided, or not known]
WARNING:aiogram.dispatcher:Sleep for 5.088271 seconds and try again... (tryings = 113, bot id = 8917065606)
ERROR:aiogram.dispatcher:Failed to fetch updates - TelegramNetworkError: HTTP Client says - ClientConnectorDNSError: Cannot connect to host api.telegram.org:443 ssl:default [nodename nor servname provided, or not known]
WARNING:aiogram.dispatcher:Sleep for 4.906604 seconds and try again... (tryings = 114, bot id = 8917065606)
ERROR:aiogram.dispatcher:Failed to fetch updates - TelegramNetworkError: HTTP Client says - ClientConnectorDNSError: Cannot connect to host api.telegram.org:443 ssl:default [nodename nor servname provided, or not known]
WARNING:aiogram.dispatcher:Sleep for 5.129741 seconds and try again... (tryings = 115, bot id = 8917065606)
ERROR:aiogram.dispatcher:Failed to fetch updates - TelegramNetworkError: HTTP Client says - ClientConnectorDNSError: Cannot connect to host api.telegram.org:443 ssl:default [nodename nor servname provided, or not known]
WARNING:aiogram.dispatcher:Sleep for 4.937542 seconds and try again... (tryings = 116, bot id = 8917065606)
ERROR:aiogram.dispatcher:Failed to fetch updates - TelegramNetworkError: HTTP Client says - ClientConnectorDNSError: Cannot connect to host api.telegram.org:443 ssl:default [nodename nor servname provided, or not known]
WARNING:aiogram.dispatcher:Sleep for 5.173269 seconds and try again... (tryings = 117, bot id = 8917065606)
ERROR:aiogram.dispatcher:Failed to fetch updates - TelegramNetworkError: HTTP Client says - ClientConnectorDNSError: Cannot connect to host api.telegram.org:443 ssl:default [nodename nor servname provided, or not known]
WARNING:aiogram.dispatcher:Sleep for 5.075879 seconds and try again... (tryings = 118, bot id = 8917065606)
ERROR:aiogram.dispatcher:Failed to fetch updates - TelegramNetworkError: HTTP Client says - ClientConnectorDNSError: Cannot connect to host api.telegram.org:443 ssl:default [nodename nor servname provided, or not known]
WARNING:aiogram.dispatcher:Sleep for 4.851604 seconds and try again... (tryings = 119, bot id = 8917065606)
ERROR:aiogram.dispatcher:Failed to fetch updates - TelegramNetworkError: HTTP Client says - ClientConnectorDNSError: Cannot connect to host api.telegram.org:443 ssl:default [nodename nor servname provided, or not known]
WARNING:aiogram.dispatcher:Sleep for 4.907094 seconds and try again... (tryings = 120, bot id = 8917065606)
ERROR:aiogram.dispatcher:Failed to fetch updates - TelegramNetworkError: HTTP Client says - ClientConnectorDNSError: Cannot connect to host api.telegram.org:443 ssl:default [nodename nor servname provided, or not known]
WARNING:aiogram.dispatcher:Sleep for 4.948762 seconds and try again... (tryings = 121, bot id = 8917065606)
ERROR:aiogram.dispatcher:Failed to fetch updates - TelegramNetworkError: HTTP Client says - ClientConnectorDNSError: Cannot connect to host api.telegram.org:443 ssl:default [nodename nor servname provided, or not known]
WARNING:aiogram.dispatcher:Sleep for 5.125743 seconds and try again... (tryings = 122, bot id = 8917065606)
ERROR:aiogram.dispatcher:Failed to fetch updates - TelegramNetworkError: HTTP Client says - ClientConnectorDNSError: Cannot connect to host api.telegram.org:443 ssl:default [nodename nor servname provided, or not known]
WARNING:aiogram.dispatcher:Sleep for 4.853502 seconds and try again... (tryings = 123, bot id = 8917065606)
ERROR:aiogram.dispatcher:Failed to fetch updates - TelegramNetworkError: HTTP Client says - ClientConnectorDNSError: Cannot connect to host api.telegram.org:443 ssl:default [nodename nor servname provided, or not known]
WARNING:aiogram.dispatcher:Sleep for 4.808276 seconds and try again... (tryings = 124, bot id = 8917065606)
ERROR:aiogram.dispatcher:Failed to fetch updates - TelegramNetworkError: HTTP Client says - ClientConnectorDNSError: Cannot connect to host api.telegram.org:443 ssl:default [nodename nor servname provided, or not known]
WARNING:aiogram.dispatcher:Sleep for 5.119063 seconds and try again... (tryings = 125, bot id = 8917065606)
ERROR:aiogram.dispatcher:Failed to fetch updates - TelegramNetworkError: HTTP Client says - ClientConnectorDNSError: Cannot connect to host api.telegram.org:443 ssl:default [nodename nor servname provided, or not known]
WARNING:aiogram.dispatcher:Sleep for 5.028462 seconds and try again... (tryings = 126, bot id = 8917065606)
ERROR:aiogram.dispatcher:Failed to fetch updates - TelegramNetworkError: HTTP Client says - ClientConnectorDNSError: Cannot connect to host api.telegram.org:443 ssl:default [nodename nor servname provided, or not known]
WARNING:aiogram.dispatcher:Sleep for 5.046441 seconds and try again... (tryings = 127, bot id = 8917065606)
ERROR:aiogram.dispatcher:Failed to fetch updates - TelegramNetworkError: HTTP Client says - ClientConnectorDNSError: Cannot connect to host api.telegram.org:443 ssl:default [nodename nor servname provided, or not known]
WARNING:aiogram.dispatcher:Sleep for 4.838948 seconds and try again... (tryings = 128, bot id = 8917065606)
ERROR:aiogram.dispatcher:Failed to fetch updates - TelegramNetworkError: HTTP Client says - ClientConnectorDNSError: Cannot connect to host api.telegram.org:443 ssl:default [nodename nor servname provided, or not known]
WARNING:aiogram.dispatcher:Sleep for 5.143095 seconds and try again... (tryings = 129, bot id = 8917065606)
ERROR:aiogram.dispatcher:Failed to fetch updates - TelegramNetworkError: HTTP Client says - ClientConnectorDNSError: Cannot connect to host api.telegram.org:443 ssl:default [nodename nor servname provided, or not known]
WARNING:aiogram.dispatcher:Sleep for 4.823227 seconds and try again... (tryings = 130, bot id = 8917065606)
ERROR:aiogram.dispatcher:Failed to fetch updates - TelegramNetworkError: HTTP Client says - ClientConnectorDNSError: Cannot connect to host api.telegram.org:443 ssl:default [nodename nor servname provided, or not known]
WARNING:aiogram.dispatcher:Sleep for 4.943556 seconds and try again... (tryings = 131, bot id = 8917065606)
ERROR:aiogram.dispatcher:Failed to fetch updates - TelegramNetworkError: HTTP Client says - ClientConnectorDNSError: Cannot connect to host api.telegram.org:443 ssl:default [nodename nor servname provided, or not known]
WARNING:aiogram.dispatcher:Sleep for 4.936815 seconds and try again... (tryings = 132, bot id = 8917065606)
ERROR:aiogram.dispatcher:Failed to fetch updates - TelegramNetworkError: HTTP Client says - ClientConnectorDNSError: Cannot connect to host api.telegram.org:443 ssl:default [nodename nor servname provided, or not known]
WARNING:aiogram.dispatcher:Sleep for 5.081643 seconds and try again... (tryings = 133, bot id = 8917065606)
ERROR:aiogram.dispatcher:Failed to fetch updates - TelegramNetworkError: HTTP Client says - ClientConnectorDNSError: Cannot connect to host api.telegram.org:443 ssl:default [nodename nor servname provided, or not known]
WARNING:aiogram.dispatcher:Sleep for 5.108485 seconds and try again... (tryings = 134, bot id = 8917065606)
ERROR:aiogram.dispatcher:Failed to fetch updates - TelegramNetworkError: HTTP Client says - ClientConnectorDNSError: Cannot connect to host api.telegram.org:443 ssl:default [nodename nor servname provided, or not known]
WARNING:aiogram.dispatcher:Sleep for 4.909277 seconds and try again... (tryings = 135, bot id = 8917065606)
ERROR:aiogram.dispatcher:Failed to fetch updates - TelegramNetworkError: HTTP Client says - ClientConnectorDNSError: Cannot connect to host api.telegram.org:443 ssl:default [nodename nor servname provided, or not known]
WARNING:aiogram.dispatcher:Sleep for 4.859702 seconds and try again... (tryings = 136, bot id = 8917065606)
ERROR:aiogram.dispatcher:Failed to fetch updates - TelegramNetworkError: HTTP Client says - ClientConnectorDNSError: Cannot connect to host api.telegram.org:443 ssl:default [nodename nor servname provided, or not known]
WARNING:aiogram.dispatcher:Sleep for 5.071482 seconds and try again... (tryings = 137, bot id = 8917065606)
ERROR:aiogram.dispatcher:Failed to fetch updates - TelegramNetworkError: HTTP Client says - ClientConnectorDNSError: Cannot connect to host api.telegram.org:443 ssl:default [nodename nor servname provided, or not known]
WARNING:aiogram.dispatcher:Sleep for 4.944136 seconds and try again... (tryings = 138, bot id = 8917065606)
ERROR:aiogram.dispatcher:Failed to fetch updates - TelegramNetworkError: HTTP Client says - ClientConnectorDNSError: Cannot connect to host api.telegram.org:443 ssl:default [nodename nor servname provided, or not known]
WARNING:aiogram.dispatcher:Sleep for 4.746858 seconds and try again... (tryings = 139, bot id = 8917065606)
ERROR:aiogram.dispatcher:Failed to fetch updates - TelegramNetworkError: HTTP Client says - ClientConnectorDNSError: Cannot connect to host api.telegram.org:443 ssl:default [nodename nor servname provided, or not known]
WARNING:aiogram.dispatcher:Sleep for 5.050291 seconds and try again... (tryings = 140, bot id = 8917065606)
ERROR:aiogram.dispatcher:Failed to fetch updates - TelegramNetworkError: HTTP Client says - ClientConnectorDNSError: Cannot connect to host api.telegram.org:443 ssl:default [nodename nor servname provided, or not known]
WARNING:aiogram.dispatcher:Sleep for 5.072555 seconds and try again... (tryings = 141, bot id = 8917065606)
ERROR:aiogram.dispatcher:Failed to fetch updates - TelegramNetworkError: HTTP Client says - ClientConnectorDNSError: Cannot connect to host api.telegram.org:443 ssl:default [nodename nor servname provided, or not known]
WARNING:aiogram.dispatcher:Sleep for 4.997315 seconds and try again... (tryings = 142, bot id = 8917065606)
ERROR:aiogram.dispatcher:Failed to fetch updates - TelegramNetworkError: HTTP Client says - ClientConnectorDNSError: Cannot connect to host api.telegram.org:443 ssl:default [nodename nor servname provided, or not known]
WARNING:aiogram.dispatcher:Sleep for 4.862930 seconds and try again... (tryings = 143, bot id = 8917065606)
ERROR:aiogram.dispatcher:Failed to fetch updates - TelegramNetworkError: HTTP Client says - ClientConnectorDNSError: Cannot connect to host api.telegram.org:443 ssl:default [nodename nor servname provided, or not known]
WARNING:aiogram.dispatcher:Sleep for 4.893639 seconds and try again... (tryings = 144, bot id = 8917065606)
ERROR:aiogram.dispatcher:Failed to fetch updates - TelegramNetworkError: HTTP Client says - ClientConnectorDNSError: Cannot connect to host api.telegram.org:443 ssl:default [nodename nor servname provided, or not known]
WARNING:aiogram.dispatcher:Sleep for 5.037422 seconds and try again... (tryings = 145, bot id = 8917065606)
ERROR:aiogram.dispatcher:Failed to fetch updates - TelegramNetworkError: HTTP Client says - ClientConnectorDNSError: Cannot connect to host api.telegram.org:443 ssl:default [nodename nor servname provided, or not known]
WARNING:aiogram.dispatcher:Sleep for 4.942193 seconds and try again... (tryings = 146, bot id = 8917065606)
ERROR:aiogram.dispatcher:Failed to fetch updates - TelegramNetworkError: HTTP Client says - ClientConnectorDNSError: Cannot connect to host api.telegram.org:443 ssl:default [nodename nor servname provided, or not known]
WARNING:aiogram.dispatcher:Sleep for 5.180646 seconds and try again... (tryings = 147, bot id = 8917065606)
ERROR:aiogram.dispatcher:Failed to fetch updates - TelegramNetworkError: HTTP Client says - ClientConnectorDNSError: Cannot connect to host api.telegram.org:443 ssl:default [nodename nor servname provided, or not known]
WARNING:aiogram.dispatcher:Sleep for 4.999894 seconds and try again... (tryings = 148, bot id = 8917065606)
ERROR:aiogram.dispatcher:Failed to fetch updates - TelegramNetworkError: HTTP Client says - ClientConnectorDNSError: Cannot connect to host api.telegram.org:443 ssl:default [nodename nor servname provided, or not known]
WARNING:aiogram.dispatcher:Sleep for 5.019050 seconds and try again... (tryings = 149, bot id = 8917065606)
ERROR:aiogram.dispatcher:Failed to fetch updates - TelegramNetworkError: HTTP Client says - ClientConnectorDNSError: Cannot connect to host api.telegram.org:443 ssl:default [nodename nor servname provided, or not known]
WARNING:aiogram.dispatcher:Sleep for 4.733976 seconds and try again... (tryings = 150, bot id = 8917065606)
ERROR:aiogram.dispatcher:Failed to fetch updates - TelegramNetworkError: HTTP Client says - ClientConnectorDNSError: Cannot connect to host api.telegram.org:443 ssl:default [nodename nor servname provided, or not known]
WARNING:aiogram.dispatcher:Sleep for 4.922392 seconds and try again... (tryings = 151, bot id = 8917065606)
ERROR:aiogram.dispatcher:Failed to fetch updates - TelegramNetworkError: HTTP Client says - ClientConnectorDNSError: Cannot connect to host api.telegram.org:443 ssl:default [nodename nor servname provided, or not known]
WARNING:aiogram.dispatcher:Sleep for 4.889492 seconds and try again... (tryings = 152, bot id = 8917065606)
ERROR:aiogram.dispatcher:Failed to fetch updates - TelegramNetworkError: HTTP Client says - ClientConnectorDNSError: Cannot connect to host api.telegram.org:443 ssl:default [nodename nor servname provided, or not known]
WARNING:aiogram.dispatcher:Sleep for 5.191807 seconds and try again... (tryings = 153, bot id = 8917065606)
ERROR:aiogram.dispatcher:Failed to fetch updates - TelegramNetworkError: HTTP Client says - ClientConnectorDNSError: Cannot connect to host api.telegram.org:443 ssl:default [nodename nor servname provided, or not known]
WARNING:aiogram.dispatcher:Sleep for 5.172522 seconds and try again... (tryings = 154, bot id = 8917065606)
ERROR:aiogram.dispatcher:Failed to fetch updates - TelegramNetworkError: HTTP Client says - ClientConnectorDNSError: Cannot connect to host api.telegram.org:443 ssl:default [nodename nor servname provided, or not known]
WARNING:aiogram.dispatcher:Sleep for 4.873880 seconds and try again... (tryings = 155, bot id = 8917065606)
ERROR:aiogram.dispatcher:Failed to fetch updates - TelegramNetworkError: HTTP Client says - ClientConnectorDNSError: Cannot connect to host api.telegram.org:443 ssl:default [nodename nor servname provided, or not known]
WARNING:aiogram.dispatcher:Sleep for 5.029408 seconds and try again... (tryings = 156, bot id = 8917065606)
ERROR:aiogram.dispatcher:Failed to fetch updates - TelegramNetworkError: HTTP Client says - ClientConnectorDNSError: Cannot connect to host api.telegram.org:443 ssl:default [nodename nor servname provided, or not known]
WARNING:aiogram.dispatcher:Sleep for 5.014119 seconds and try again... (tryings = 157, bot id = 8917065606)
ERROR:aiogram.dispatcher:Failed to fetch updates - TelegramNetworkError: HTTP Client says - ClientConnectorDNSError: Cannot connect to host api.telegram.org:443 ssl:default [nodename nor servname provided, or not known]
WARNING:aiogram.dispatcher:Sleep for 5.090010 seconds and try again... (tryings = 158, bot id = 8917065606)
ERROR:aiogram.dispatcher:Failed to fetch updates - TelegramNetworkError: HTTP Client says - ClientConnectorDNSError: Cannot connect to host api.telegram.org:443 ssl:default [nodename nor servname provided, or not known]
WARNING:aiogram.dispatcher:Sleep for 5.051864 seconds and try again... (tryings = 159, bot id = 8917065606)
ERROR:aiogram.dispatcher:Failed to fetch updates - TelegramNetworkError: HTTP Client says - ClientConnectorDNSError: Cannot connect to host api.telegram.org:443 ssl:default [nodename nor servname provided, or not known]
WARNING:aiogram.dispatcher:Sleep for 5.038128 seconds and try again... (tryings = 160, bot id = 8917065606)
ERROR:aiogram.dispatcher:Failed to fetch updates - TelegramNetworkError: HTTP Client says - ClientConnectorDNSError: Cannot connect to host api.telegram.org:443 ssl:default [nodename nor servname provided, or not known]
WARNING:aiogram.dispatcher:Sleep for 4.855614 seconds and try again... (tryings = 161, bot id = 8917065606)
ERROR:aiogram.dispatcher:Failed to fetch updates - TelegramNetworkError: HTTP Client says - ClientConnectorDNSError: Cannot connect to host api.telegram.org:443 ssl:default [nodename nor servname provided, or not known]
WARNING:aiogram.dispatcher:Sleep for 5.092606 seconds and try again... (tryings = 162, bot id = 8917065606)
ERROR:aiogram.dispatcher:Failed to fetch updates - TelegramNetworkError: HTTP Client says - ClientConnectorDNSError: Cannot connect to host api.telegram.org:443 ssl:default [nodename nor servname provided, or not known]
WARNING:aiogram.dispatcher:Sleep for 4.933370 seconds and try again... (tryings = 163, bot id = 8917065606)
ERROR:aiogram.dispatcher:Failed to fetch updates - TelegramNetworkError: HTTP Client says - ClientConnectorDNSError: Cannot connect to host api.telegram.org:443 ssl:default [nodename nor servname provided, or not known]
WARNING:aiogram.dispatcher:Sleep for 4.972695 seconds and try again... (tryings = 164, bot id = 8917065606)
ERROR:aiogram.dispatcher:Failed to fetch updates - TelegramNetworkError: HTTP Client says - ClientConnectorDNSError: Cannot connect to host api.telegram.org:443 ssl:default [nodename nor servname provided, or not known]
WARNING:aiogram.dispatcher:Sleep for 4.937002 seconds and try again... (tryings = 165, bot id = 8917065606)
ERROR:aiogram.dispatcher:Failed to fetch updates - TelegramNetworkError: HTTP Client says - ClientConnectorDNSError: Cannot connect to host api.telegram.org:443 ssl:default [nodename nor servname provided, or not known]
WARNING:aiogram.dispatcher:Sleep for 5.044879 seconds and try again... (tryings = 166, bot id = 8917065606)
ERROR:aiogram.dispatcher:Failed to fetch updates - TelegramNetworkError: HTTP Client says - ClientConnectorDNSError: Cannot connect to host api.telegram.org:443 ssl:default [nodename nor servname provided, or not known]
WARNING:aiogram.dispatcher:Sleep for 5.000937 seconds and try again... (tryings = 167, bot id = 8917065606)
ERROR:aiogram.dispatcher:Failed to fetch updates - TelegramNetworkError: HTTP Client says - ClientConnectorDNSError: Cannot connect to host api.telegram.org:443 ssl:default [nodename nor servname provided, or not known]
WARNING:aiogram.dispatcher:Sleep for 4.926634 seconds and try again... (tryings = 168, bot id = 8917065606)
ERROR:aiogram.dispatcher:Failed to fetch updates - TelegramNetworkError: HTTP Client says - ClientConnectorDNSError: Cannot connect to host api.telegram.org:443 ssl:default [nodename nor servname provided, or not known]
WARNING:aiogram.dispatcher:Sleep for 5.054034 seconds and try again... (tryings = 169, bot id = 8917065606)
ERROR:aiogram.dispatcher:Failed to fetch updates - TelegramNetworkError: HTTP Client says - ClientConnectorDNSError: Cannot connect to host api.telegram.org:443 ssl:default [nodename nor servname provided, or not known]
WARNING:aiogram.dispatcher:Sleep for 5.019308 seconds and try again... (tryings = 170, bot id = 8917065606)
ERROR:aiogram.dispatcher:Failed to fetch updates - TelegramNetworkError: HTTP Client says - ClientConnectorDNSError: Cannot connect to host api.telegram.org:443 ssl:default [nodename nor servname provided, or not known]
WARNING:aiogram.dispatcher:Sleep for 5.123280 seconds and try again... (tryings = 171, bot id = 8917065606)
ERROR:aiogram.dispatcher:Failed to fetch updates - TelegramNetworkError: HTTP Client says - ClientConnectorDNSError: Cannot connect to host api.telegram.org:443 ssl:default [nodename nor servname provided, or not known]
WARNING:aiogram.dispatcher:Sleep for 4.811325 seconds and try again... (tryings = 172, bot id = 8917065606)
ERROR:aiogram.dispatcher:Failed to fetch updates - TelegramNetworkError: HTTP Client says - ClientConnectorDNSError: Cannot connect to host api.telegram.org:443 ssl:default [nodename nor servname provided, or not known]
WARNING:aiogram.dispatcher:Sleep for 4.945658 seconds and try again... (tryings = 173, bot id = 8917065606)
ERROR:aiogram.dispatcher:Failed to fetch updates - TelegramNetworkError: HTTP Client says - ClientConnectorDNSError: Cannot connect to host api.telegram.org:443 ssl:default [nodename nor servname provided, or not known]
WARNING:aiogram.dispatcher:Sleep for 5.047676 seconds and try again... (tryings = 174, bot id = 8917065606)
ERROR:aiogram.dispatcher:Failed to fetch updates - TelegramNetworkError: HTTP Client says - ClientConnectorDNSError: Cannot connect to host api.telegram.org:443 ssl:default [nodename nor servname provided, or not known]
WARNING:aiogram.dispatcher:Sleep for 4.836171 seconds and try again... (tryings = 175, bot id = 8917065606)
ERROR:aiogram.dispatcher:Failed to fetch updates - TelegramNetworkError: HTTP Client says - ClientConnectorDNSError: Cannot connect to host api.telegram.org:443 ssl:default [nodename nor servname provided, or not known]
WARNING:aiogram.dispatcher:Sleep for 4.971592 seconds and try again... (tryings = 176, bot id = 8917065606)
ERROR:aiogram.dispatcher:Failed to fetch updates - TelegramNetworkError: HTTP Client says - ClientConnectorDNSError: Cannot connect to host api.telegram.org:443 ssl:default [nodename nor servname provided, or not known]
WARNING:aiogram.dispatcher:Sleep for 5.044333 seconds and try again... (tryings = 177, bot id = 8917065606)
ERROR:aiogram.dispatcher:Failed to fetch updates - TelegramNetworkError: HTTP Client says - ClientConnectorDNSError: Cannot connect to host api.telegram.org:443 ssl:default [nodename nor servname provided, or not known]
WARNING:aiogram.dispatcher:Sleep for 4.851206 seconds and try again... (tryings = 178, bot id = 8917065606)
ERROR:aiogram.dispatcher:Failed to fetch updates - TelegramNetworkError: HTTP Client says - ClientConnectorDNSError: Cannot connect to host api.telegram.org:443 ssl:default [nodename nor servname provided, or not known]
WARNING:aiogram.dispatcher:Sleep for 4.935109 seconds and try again... (tryings = 179, bot id = 8917065606)
ERROR:aiogram.dispatcher:Failed to fetch updates - TelegramNetworkError: HTTP Client says - ClientConnectorDNSError: Cannot connect to host api.telegram.org:443 ssl:default [nodename nor servname provided, or not known]
WARNING:aiogram.dispatcher:Sleep for 5.066768 seconds and try again... (tryings = 180, bot id = 8917065606)
ERROR:aiogram.dispatcher:Failed to fetch updates - TelegramNetworkError: HTTP Client says - ClientConnectorDNSError: Cannot connect to host api.telegram.org:443 ssl:default [nodename nor servname provided, or not known]
WARNING:aiogram.dispatcher:Sleep for 4.987407 seconds and try again... (tryings = 181, bot id = 8917065606)
ERROR:aiogram.dispatcher:Failed to fetch updates - TelegramNetworkError: HTTP Client says - ClientConnectorDNSError: Cannot connect to host api.telegram.org:443 ssl:default [nodename nor servname provided, or not known]
WARNING:aiogram.dispatcher:Sleep for 4.815091 seconds and try again... (tryings = 182, bot id = 8917065606)
ERROR:aiogram.dispatcher:Failed to fetch updates - TelegramNetworkError: HTTP Client says - ClientConnectorDNSError: Cannot connect to host api.telegram.org:443 ssl:default [nodename nor servname provided, or not known]
WARNING:aiogram.dispatcher:Sleep for 5.106707 seconds and try again... (tryings = 183, bot id = 8917065606)
ERROR:aiogram.dispatcher:Failed to fetch updates - TelegramNetworkError: HTTP Client says - ClientConnectorDNSError: Cannot connect to host api.telegram.org:443 ssl:default [nodename nor servname provided, or not known]
WARNING:aiogram.dispatcher:Sleep for 4.911643 seconds and try again... (tryings = 184, bot id = 8917065606)
ERROR:aiogram.dispatcher:Failed to fetch updates - TelegramNetworkError: HTTP Client says - ClientConnectorDNSError: Cannot connect to host api.telegram.org:443 ssl:default [nodename nor servname provided, or not known]
WARNING:aiogram.dispatcher:Sleep for 4.990135 seconds and try again... (tryings = 185, bot id = 8917065606)
ERROR:aiogram.dispatcher:Failed to fetch updates - TelegramNetworkError: HTTP Client says - ClientConnectorDNSError: Cannot connect to host api.telegram.org:443 ssl:default [nodename nor servname provided, or not known]
WARNING:aiogram.dispatcher:Sleep for 4.810699 seconds and try again... (tryings = 186, bot id = 8917065606)
ERROR:aiogram.dispatcher:Failed to fetch updates - TelegramNetworkError: HTTP Client says - ClientConnectorDNSError: Cannot connect to host api.telegram.org:443 ssl:default [nodename nor servname provided, or not known]
WARNING:aiogram.dispatcher:Sleep for 5.027929 seconds and try again... (tryings = 187, bot id = 8917065606)
ERROR:aiogram.dispatcher:Failed to fetch updates - TelegramNetworkError: HTTP Client says - ClientConnectorDNSError: Cannot connect to host api.telegram.org:443 ssl:default [nodename nor servname provided, or not known]
WARNING:aiogram.dispatcher:Sleep for 4.841999 seconds and try again... (tryings = 188, bot id = 8917065606)
ERROR:aiogram.dispatcher:Failed to fetch updates - TelegramNetworkError: HTTP Client says - ClientConnectorDNSError: Cannot connect to host api.telegram.org:443 ssl:default [nodename nor servname provided, or not known]
WARNING:aiogram.dispatcher:Sleep for 5.035203 seconds and try again... (tryings = 189, bot id = 8917065606)
ERROR:aiogram.dispatcher:Failed to fetch updates - TelegramNetworkError: HTTP Client says - ClientConnectorDNSError: Cannot connect to host api.telegram.org:443 ssl:default [nodename nor servname provided, or not known]
WARNING:aiogram.dispatcher:Sleep for 5.001607 seconds and try again... (tryings = 190, bot id = 8917065606)
ERROR:aiogram.dispatcher:Failed to fetch updates - TelegramNetworkError: HTTP Client says - ClientConnectorDNSError: Cannot connect to host api.telegram.org:443 ssl:default [nodename nor servname provided, or not known]
WARNING:aiogram.dispatcher:Sleep for 5.060293 seconds and try again... (tryings = 191, bot id = 8917065606)
ERROR:aiogram.dispatcher:Failed to fetch updates - TelegramNetworkError: HTTP Client says - ClientConnectorDNSError: Cannot connect to host api.telegram.org:443 ssl:default [nodename nor servname provided, or not known]
WARNING:aiogram.dispatcher:Sleep for 4.837628 seconds and try again... (tryings = 192, bot id = 8917065606)
ERROR:aiogram.dispatcher:Failed to fetch updates - TelegramNetworkError: HTTP Client says - ClientConnectorDNSError: Cannot connect to host api.telegram.org:443 ssl:default [nodename nor servname provided, or not known]
WARNING:aiogram.dispatcher:Sleep for 4.938018 seconds and try again... (tryings = 193, bot id = 8917065606)
ERROR:aiogram.dispatcher:Failed to fetch updates - TelegramNetworkError: HTTP Client says - ClientConnectorDNSError: Cannot connect to host api.telegram.org:443 ssl:default [nodename nor servname provided, or not known]
WARNING:aiogram.dispatcher:Sleep for 4.869462 seconds and try again... (tryings = 194, bot id = 8917065606)
ERROR:aiogram.dispatcher:Failed to fetch updates - TelegramNetworkError: HTTP Client says - ClientConnectorDNSError: Cannot connect to host api.telegram.org:443 ssl:default [nodename nor servname provided, or not known]
WARNING:aiogram.dispatcher:Sleep for 5.037727 seconds and try again... (tryings = 195, bot id = 8917065606)
ERROR:aiogram.dispatcher:Failed to fetch updates - TelegramNetworkError: HTTP Client says - ClientConnectorDNSError: Cannot connect to host api.telegram.org:443 ssl:default [nodename nor servname provided, or not known]
WARNING:aiogram.dispatcher:Sleep for 4.897610 seconds and try again... (tryings = 196, bot id = 8917065606)
ERROR:aiogram.dispatcher:Failed to fetch updates - TelegramNetworkError: HTTP Client says - ClientConnectorDNSError: Cannot connect to host api.telegram.org:443 ssl:default [nodename nor servname provided, or not known]
WARNING:aiogram.dispatcher:Sleep for 4.962264 seconds and try again... (tryings = 197, bot id = 8917065606)
ERROR:aiogram.dispatcher:Failed to fetch updates - TelegramNetworkError: HTTP Client says - ClientConnectorDNSError: Cannot connect to host api.telegram.org:443 ssl:default [nodename nor servname provided, or not known]
WARNING:aiogram.dispatcher:Sleep for 4.988992 seconds and try again... (tryings = 198, bot id = 8917065606)
ERROR:aiogram.dispatcher:Failed to fetch updates - TelegramNetworkError: HTTP Client says - ClientConnectorDNSError: Cannot connect to host api.telegram.org:443 ssl:default [nodename nor servname provided, or not known]
WARNING:aiogram.dispatcher:Sleep for 5.156392 seconds and try again... (tryings = 199, bot id = 8917065606)
ERROR:aiogram.dispatcher:Failed to fetch updates - TelegramNetworkError: HTTP Client says - ClientConnectorDNSError: Cannot connect to host api.telegram.org:443 ssl:default [nodename nor servname provided, or not known]
WARNING:aiogram.dispatcher:Sleep for 4.907583 seconds and try again... (tryings = 200, bot id = 8917065606)
ERROR:aiogram.dispatcher:Failed to fetch updates - TelegramNetworkError: HTTP Client says - ClientConnectorDNSError: Cannot connect to host api.telegram.org:443 ssl:default [nodename nor servname provided, or not known]
WARNING:aiogram.dispatcher:Sleep for 4.943316 seconds and try again... (tryings = 201, bot id = 8917065606)
ERROR:aiogram.dispatcher:Failed to fetch updates - TelegramNetworkError: HTTP Client says - ClientConnectorDNSError: Cannot connect to host api.telegram.org:443 ssl:default [nodename nor servname provided, or not known]
WARNING:aiogram.dispatcher:Sleep for 5.022938 seconds and try again... (tryings = 202, bot id = 8917065606)
ERROR:aiogram.dispatcher:Failed to fetch updates - TelegramNetworkError: HTTP Client says - ClientConnectorDNSError: Cannot connect to host api.telegram.org:443 ssl:default [nodename nor servname provided, or not known]
WARNING:aiogram.dispatcher:Sleep for 4.852968 seconds and try again... (tryings = 203, bot id = 8917065606)
ERROR:aiogram.dispatcher:Failed to fetch updates - TelegramNetworkError: HTTP Client says - ClientConnectorDNSError: Cannot connect to host api.telegram.org:443 ssl:default [nodename nor servname provided, or not known]
WARNING:aiogram.dispatcher:Sleep for 4.824988 seconds and try again... (tryings = 204, bot id = 8917065606)
ERROR:aiogram.dispatcher:Failed to fetch updates - TelegramNetworkError: HTTP Client says - ClientConnectorDNSError: Cannot connect to host api.telegram.org:443 ssl:default [nodename nor servname provided, or not known]
WARNING:aiogram.dispatcher:Sleep for 4.972174 seconds and try again... (tryings = 205, bot id = 8917065606)
ERROR:aiogram.dispatcher:Failed to fetch updates - TelegramNetworkError: HTTP Client says - ClientConnectorDNSError: Cannot connect to host api.telegram.org:443 ssl:default [nodename nor servname provided, or not known]
WARNING:aiogram.dispatcher:Sleep for 5.024004 seconds and try again... (tryings = 206, bot id = 8917065606)
ERROR:aiogram.dispatcher:Failed to fetch updates - TelegramNetworkError: HTTP Client says - ClientConnectorDNSError: Cannot connect to host api.telegram.org:443 ssl:default [nodename nor servname provided, or not known]
WARNING:aiogram.dispatcher:Sleep for 4.699972 seconds and try again... (tryings = 207, bot id = 8917065606)
ERROR:aiogram.dispatcher:Failed to fetch updates - TelegramNetworkError: HTTP Client says - ClientConnectorDNSError: Cannot connect to host api.telegram.org:443 ssl:default [nodename nor servname provided, or not known]
WARNING:aiogram.dispatcher:Sleep for 4.950037 seconds and try again... (tryings = 208, bot id = 8917065606)
ERROR:aiogram.dispatcher:Failed to fetch updates - TelegramNetworkError: HTTP Client says - ClientConnectorDNSError: Cannot connect to host api.telegram.org:443 ssl:default [nodename nor servname provided, or not known]
WARNING:aiogram.dispatcher:Sleep for 5.119992 seconds and try again... (tryings = 209, bot id = 8917065606)
ERROR:aiogram.dispatcher:Failed to fetch updates - TelegramNetworkError: HTTP Client says - ClientConnectorDNSError: Cannot connect to host api.telegram.org:443 ssl:default [nodename nor servname provided, or not known]
WARNING:aiogram.dispatcher:Sleep for 5.101080 seconds and try again... (tryings = 210, bot id = 8917065606)
ERROR:aiogram.dispatcher:Failed to fetch updates - TelegramNetworkError: HTTP Client says - ClientConnectorDNSError: Cannot connect to host api.telegram.org:443 ssl:default [nodename nor servname provided, or not known]
WARNING:aiogram.dispatcher:Sleep for 4.831386 seconds and try again... (tryings = 211, bot id = 8917065606)
ERROR:aiogram.dispatcher:Failed to fetch updates - TelegramNetworkError: HTTP Client says - ClientConnectorDNSError: Cannot connect to host api.telegram.org:443 ssl:default [nodename nor servname provided, or not known]
WARNING:aiogram.dispatcher:Sleep for 5.271274 seconds and try again... (tryings = 212, bot id = 8917065606)
ERROR:aiogram.dispatcher:Failed to fetch updates - TelegramNetworkError: HTTP Client says - ClientConnectorDNSError: Cannot connect to host api.telegram.org:443 ssl:default [nodename nor servname provided, or not known]
WARNING:aiogram.dispatcher:Sleep for 4.992037 seconds and try again... (tryings = 213, bot id = 8917065606)
ERROR:aiogram.dispatcher:Failed to fetch updates - TelegramNetworkError: HTTP Client says - ClientConnectorDNSError: Cannot connect to host api.telegram.org:443 ssl:default [nodename nor servname provided, or not known]
WARNING:aiogram.dispatcher:Sleep for 4.939010 seconds and try again... (tryings = 214, bot id = 8917065606)
ERROR:aiogram.dispatcher:Failed to fetch updates - TelegramNetworkError: HTTP Client says - ClientConnectorDNSError: Cannot connect to host api.telegram.org:443 ssl:default [nodename nor servname provided, or not known]
WARNING:aiogram.dispatcher:Sleep for 4.944166 seconds and try again... (tryings = 215, bot id = 8917065606)
ERROR:aiogram.dispatcher:Failed to fetch updates - TelegramNetworkError: HTTP Client says - ClientConnectorDNSError: Cannot connect to host api.telegram.org:443 ssl:default [nodename nor servname provided, or not known]
WARNING:aiogram.dispatcher:Sleep for 5.065817 seconds and try again... (tryings = 216, bot id = 8917065606)
ERROR:aiogram.dispatcher:Failed to fetch updates - TelegramNetworkError: HTTP Client says - ClientConnectorDNSError: Cannot connect to host api.telegram.org:443 ssl:default [nodename nor servname provided, or not known]
WARNING:aiogram.dispatcher:Sleep for 4.948605 seconds and try again... (tryings = 217, bot id = 8917065606)
ERROR:aiogram.dispatcher:Failed to fetch updates - TelegramNetworkError: HTTP Client says - ClientConnectorDNSError: Cannot connect to host api.telegram.org:443 ssl:default [nodename nor servname provided, or not known]
WARNING:aiogram.dispatcher:Sleep for 4.976187 seconds and try again... (tryings = 218, bot id = 8917065606)
ERROR:aiogram.dispatcher:Failed to fetch updates - TelegramNetworkError: HTTP Client says - ClientConnectorDNSError: Cannot connect to host api.telegram.org:443 ssl:default [nodename nor servname provided, or not known]
WARNING:aiogram.dispatcher:Sleep for 5.053469 seconds and try again... (tryings = 219, bot id = 8917065606)
ERROR:aiogram.dispatcher:Failed to fetch updates - TelegramNetworkError: HTTP Client says - ClientConnectorDNSError: Cannot connect to host api.telegram.org:443 ssl:default [nodename nor servname provided, or not known]
WARNING:aiogram.dispatcher:Sleep for 5.048798 seconds and try again... (tryings = 220, bot id = 8917065606)
ERROR:aiogram.dispatcher:Failed to fetch updates - TelegramNetworkError: HTTP Client says - ClientConnectorDNSError: Cannot connect to host api.telegram.org:443 ssl:default [nodename nor servname provided, or not known]
WARNING:aiogram.dispatcher:Sleep for 5.079163 seconds and try again... (tryings = 221, bot id = 8917065606)
ERROR:aiogram.dispatcher:Failed to fetch updates - TelegramNetworkError: HTTP Client says - ClientConnectorDNSError: Cannot connect to host api.telegram.org:443 ssl:default [nodename nor servname provided, or not known]
WARNING:aiogram.dispatcher:Sleep for 5.071306 seconds and try again... (tryings = 222, bot id = 8917065606)
ERROR:aiogram.dispatcher:Failed to fetch updates - TelegramNetworkError: HTTP Client says - ClientConnectorDNSError: Cannot connect to host api.telegram.org:443 ssl:default [nodename nor servname provided, or not known]
WARNING:aiogram.dispatcher:Sleep for 4.910570 seconds and try again... (tryings = 223, bot id = 8917065606)
ERROR:aiogram.dispatcher:Failed to fetch updates - TelegramNetworkError: HTTP Client says - ClientConnectorDNSError: Cannot connect to host api.telegram.org:443 ssl:default [nodename nor servname provided, or not known]
WARNING:aiogram.dispatcher:Sleep for 4.911898 seconds and try again... (tryings = 224, bot id = 8917065606)
ERROR:aiogram.dispatcher:Failed to fetch updates - TelegramNetworkError: HTTP Client says - ClientConnectorDNSError: Cannot connect to host api.telegram.org:443 ssl:default [nodename nor servname provided, or not known]
WARNING:aiogram.dispatcher:Sleep for 5.066145 seconds and try again... (tryings = 225, bot id = 8917065606)
ERROR:aiogram.dispatcher:Failed to fetch updates - TelegramNetworkError: HTTP Client says - ClientConnectorDNSError: Cannot connect to host api.telegram.org:443 ssl:default [nodename nor servname provided, or not known]
WARNING:aiogram.dispatcher:Sleep for 5.077638 seconds and try again... (tryings = 226, bot id = 8917065606)
ERROR:aiogram.dispatcher:Failed to fetch updates - TelegramNetworkError: HTTP Client says - ClientConnectorDNSError: Cannot connect to host api.telegram.org:443 ssl:default [nodename nor servname provided, or not known]
WARNING:aiogram.dispatcher:Sleep for 5.081752 seconds and try again... (tryings = 227, bot id = 8917065606)
ERROR:aiogram.dispatcher:Failed to fetch updates - TelegramNetworkError: HTTP Client says - ClientConnectorDNSError: Cannot connect to host api.telegram.org:443 ssl:default [nodename nor servname provided, or not known]
WARNING:aiogram.dispatcher:Sleep for 4.967499 seconds and try again... (tryings = 228, bot id = 8917065606)
ERROR:aiogram.dispatcher:Failed to fetch updates - TelegramNetworkError: HTTP Client says - ClientConnectorDNSError: Cannot connect to host api.telegram.org:443 ssl:default [nodename nor servname provided, or not known]
WARNING:aiogram.dispatcher:Sleep for 4.957433 seconds and try again... (tryings = 229, bot id = 8917065606)
ERROR:aiogram.dispatcher:Failed to fetch updates - TelegramNetworkError: HTTP Client says - ClientConnectorDNSError: Cannot connect to host api.telegram.org:443 ssl:default [nodename nor servname provided, or not known]
WARNING:aiogram.dispatcher:Sleep for 4.830484 seconds and try again... (tryings = 230, bot id = 8917065606)
ERROR:aiogram.dispatcher:Failed to fetch updates - TelegramNetworkError: HTTP Client says - ClientConnectorDNSError: Cannot connect to host api.telegram.org:443 ssl:default [nodename nor servname provided, or not known]
WARNING:aiogram.dispatcher:Sleep for 5.079906 seconds and try again... (tryings = 231, bot id = 8917065606)
ERROR:aiogram.dispatcher:Failed to fetch updates - TelegramNetworkError: HTTP Client says - ClientConnectorDNSError: Cannot connect to host api.telegram.org:443 ssl:default [nodename nor servname provided, or not known]
WARNING:aiogram.dispatcher:Sleep for 5.014385 seconds and try again... (tryings = 232, bot id = 8917065606)
ERROR:aiogram.dispatcher:Failed to fetch updates - TelegramNetworkError: HTTP Client says - ClientConnectorDNSError: Cannot connect to host api.telegram.org:443 ssl:default [nodename nor servname provided, or not known]
WARNING:aiogram.dispatcher:Sleep for 5.063547 seconds and try again... (tryings = 233, bot id = 8917065606)
ERROR:aiogram.dispatcher:Failed to fetch updates - TelegramNetworkError: HTTP Client says - ClientConnectorDNSError: Cannot connect to host api.telegram.org:443 ssl:default [nodename nor servname provided, or not known]
WARNING:aiogram.dispatcher:Sleep for 5.035023 seconds and try again... (tryings = 234, bot id = 8917065606)
ERROR:aiogram.dispatcher:Failed to fetch updates - TelegramNetworkError: HTTP Client says - ClientConnectorDNSError: Cannot connect to host api.telegram.org:443 ssl:default [nodename nor servname provided, or not known]
WARNING:aiogram.dispatcher:Sleep for 5.156685 seconds and try again... (tryings = 235, bot id = 8917065606)
ERROR:aiogram.dispatcher:Failed to fetch updates - TelegramNetworkError: HTTP Client says - ClientConnectorDNSError: Cannot connect to host api.telegram.org:443 ssl:default [nodename nor servname provided, or not known]
WARNING:aiogram.dispatcher:Sleep for 4.933053 seconds and try again... (tryings = 236, bot id = 8917065606)
ERROR:aiogram.dispatcher:Failed to fetch updates - TelegramNetworkError: HTTP Client says - ClientConnectorDNSError: Cannot connect to host api.telegram.org:443 ssl:default [nodename nor servname provided, or not known]
WARNING:aiogram.dispatcher:Sleep for 5.085641 seconds and try again... (tryings = 237, bot id = 8917065606)
ERROR:aiogram.dispatcher:Failed to fetch updates - TelegramNetworkError: HTTP Client says - ClientConnectorDNSError: Cannot connect to host api.telegram.org:443 ssl:default [nodename nor servname provided, or not known]
WARNING:aiogram.dispatcher:Sleep for 4.906965 seconds and try again... (tryings = 238, bot id = 8917065606)
ERROR:aiogram.dispatcher:Failed to fetch updates - TelegramNetworkError: HTTP Client says - ClientConnectorDNSError: Cannot connect to host api.telegram.org:443 ssl:default [nodename nor servname provided, or not known]
WARNING:aiogram.dispatcher:Sleep for 4.857242 seconds and try again... (tryings = 239, bot id = 8917065606)
ERROR:aiogram.dispatcher:Failed to fetch updates - TelegramNetworkError: HTTP Client says - ClientConnectorDNSError: Cannot connect to host api.telegram.org:443 ssl:default [nodename nor servname provided, or not known]
WARNING:aiogram.dispatcher:Sleep for 5.032515 seconds and try again... (tryings = 240, bot id = 8917065606)
ERROR:aiogram.dispatcher:Failed to fetch updates - TelegramNetworkError: HTTP Client says - ClientConnectorDNSError: Cannot connect to host api.telegram.org:443 ssl:default [nodename nor servname provided, or not known]
WARNING:aiogram.dispatcher:Sleep for 4.901261 seconds and try again... (tryings = 241, bot id = 8917065606)
ERROR:aiogram.dispatcher:Failed to fetch updates - TelegramNetworkError: HTTP Client says - ClientConnectorDNSError: Cannot connect to host api.telegram.org:443 ssl:default [nodename nor servname provided, or not known]
WARNING:aiogram.dispatcher:Sleep for 5.128441 seconds and try again... (tryings = 242, bot id = 8917065606)
ERROR:aiogram.dispatcher:Failed to fetch updates - TelegramNetworkError: HTTP Client says - ClientConnectorDNSError: Cannot connect to host api.telegram.org:443 ssl:default [nodename nor servname provided, or not known]
WARNING:aiogram.dispatcher:Sleep for 4.996410 seconds and try again... (tryings = 243, bot id = 8917065606)
ERROR:aiogram.dispatcher:Failed to fetch updates - TelegramNetworkError: HTTP Client says - ClientConnectorDNSError: Cannot connect to host api.telegram.org:443 ssl:default [nodename nor servname provided, or not known]
WARNING:aiogram.dispatcher:Sleep for 4.982832 seconds and try again... (tryings = 244, bot id = 8917065606)
ERROR:aiogram.dispatcher:Failed to fetch updates - TelegramNetworkError: HTTP Client says - ClientConnectorDNSError: Cannot connect to host api.telegram.org:443 ssl:default [nodename nor servname provided, or not known]
WARNING:aiogram.dispatcher:Sleep for 5.059377 seconds and try again... (tryings = 245, bot id = 8917065606)
ERROR:aiogram.dispatcher:Failed to fetch updates - TelegramNetworkError: HTTP Client says - ClientConnectorDNSError: Cannot connect to host api.telegram.org:443 ssl:default [nodename nor servname provided, or not known]
WARNING:aiogram.dispatcher:Sleep for 5.063050 seconds and try again... (tryings = 246, bot id = 8917065606)
ERROR:aiogram.dispatcher:Failed to fetch updates - TelegramNetworkError: HTTP Client says - ClientConnectorDNSError: Cannot connect to host api.telegram.org:443 ssl:default [nodename nor servname provided, or not known]
WARNING:aiogram.dispatcher:Sleep for 5.007138 seconds and try again... (tryings = 247, bot id = 8917065606)
ERROR:aiogram.dispatcher:Failed to fetch updates - TelegramNetworkError: HTTP Client says - ClientConnectorDNSError: Cannot connect to host api.telegram.org:443 ssl:default [nodename nor servname provided, or not known]
WARNING:aiogram.dispatcher:Sleep for 5.125566 seconds and try again... (tryings = 248, bot id = 8917065606)
ERROR:aiogram.dispatcher:Failed to fetch updates - TelegramNetworkError: HTTP Client says - ClientConnectorDNSError: Cannot connect to host api.telegram.org:443 ssl:default [nodename nor servname provided, or not known]
WARNING:aiogram.dispatcher:Sleep for 4.948405 seconds and try again... (tryings = 249, bot id = 8917065606)
ERROR:aiogram.dispatcher:Failed to fetch updates - TelegramNetworkError: HTTP Client says - ClientConnectorDNSError: Cannot connect to host api.telegram.org:443 ssl:default [nodename nor servname provided, or not known]
WARNING:aiogram.dispatcher:Sleep for 4.797373 seconds and try again... (tryings = 250, bot id = 8917065606)
ERROR:aiogram.dispatcher:Failed to fetch updates - TelegramNetworkError: HTTP Client says - ClientConnectorDNSError: Cannot connect to host api.telegram.org:443 ssl:default [nodename nor servname provided, or not known]
WARNING:aiogram.dispatcher:Sleep for 4.933258 seconds and try again... (tryings = 251, bot id = 8917065606)
ERROR:aiogram.dispatcher:Failed to fetch updates - TelegramNetworkError: HTTP Client says - ClientConnectorDNSError: Cannot connect to host api.telegram.org:443 ssl:default [nodename nor servname provided, or not known]
WARNING:aiogram.dispatcher:Sleep for 4.993495 seconds and try again... (tryings = 252, bot id = 8917065606)
ERROR:aiogram.dispatcher:Failed to fetch updates - TelegramNetworkError: HTTP Client says - ClientConnectorDNSError: Cannot connect to host api.telegram.org:443 ssl:default [nodename nor servname provided, or not known]
WARNING:aiogram.dispatcher:Sleep for 4.964121 seconds and try again... (tryings = 253, bot id = 8917065606)
ERROR:aiogram.dispatcher:Failed to fetch updates - TelegramNetworkError: HTTP Client says - ClientConnectorDNSError: Cannot connect to host api.telegram.org:443 ssl:default [nodename nor servname provided, or not known]
WARNING:aiogram.dispatcher:Sleep for 5.039393 seconds and try again... (tryings = 254, bot id = 8917065606)
ERROR:aiogram.dispatcher:Failed to fetch updates - TelegramNetworkError: HTTP Client says - ClientConnectorDNSError: Cannot connect to host api.telegram.org:443 ssl:default [nodename nor servname provided, or not known]
WARNING:aiogram.dispatcher:Sleep for 5.023263 seconds and try again... (tryings = 255, bot id = 8917065606)
ERROR:aiogram.dispatcher:Failed to fetch updates - TelegramNetworkError: HTTP Client says - ClientConnectorDNSError: Cannot connect to host api.telegram.org:443 ssl:default [nodename nor servname provided, or not known]
WARNING:aiogram.dispatcher:Sleep for 5.110160 seconds and try again... (tryings = 256, bot id = 8917065606)
ERROR:aiogram.dispatcher:Failed to fetch updates - TelegramNetworkError: HTTP Client says - ClientConnectorDNSError: Cannot connect to host api.telegram.org:443 ssl:default [nodename nor servname provided, or not known]
WARNING:aiogram.dispatcher:Sleep for 5.091742 seconds and try again... (tryings = 257, bot id = 8917065606)
ERROR:aiogram.dispatcher:Failed to fetch updates - TelegramNetworkError: HTTP Client says - ClientConnectorDNSError: Cannot connect to host api.telegram.org:443 ssl:default [nodename nor servname provided, or not known]
WARNING:aiogram.dispatcher:Sleep for 5.062989 seconds and try again... (tryings = 258, bot id = 8917065606)
ERROR:aiogram.dispatcher:Failed to fetch updates - TelegramNetworkError: HTTP Client says - ClientConnectorDNSError: Cannot connect to host api.telegram.org:443 ssl:default [nodename nor servname provided, or not known]
WARNING:aiogram.dispatcher:Sleep for 4.971355 seconds and try again... (tryings = 259, bot id = 8917065606)
ERROR:aiogram.dispatcher:Failed to fetch updates - TelegramNetworkError: HTTP Client says - ClientConnectorDNSError: Cannot connect to host api.telegram.org:443 ssl:default [nodename nor servname provided, or not known]
WARNING:aiogram.dispatcher:Sleep for 4.946457 seconds and try again... (tryings = 260, bot id = 8917065606)
ERROR:aiogram.dispatcher:Failed to fetch updates - TelegramNetworkError: HTTP Client says - ClientConnectorDNSError: Cannot connect to host api.telegram.org:443 ssl:default [nodename nor servname provided, or not known]
WARNING:aiogram.dispatcher:Sleep for 4.929465 seconds and try again... (tryings = 261, bot id = 8917065606)
ERROR:aiogram.dispatcher:Failed to fetch updates - TelegramNetworkError: HTTP Client says - ClientConnectorDNSError: Cannot connect to host api.telegram.org:443 ssl:default [nodename nor servname provided, or not known]
WARNING:aiogram.dispatcher:Sleep for 5.063712 seconds and try again... (tryings = 262, bot id = 8917065606)
ERROR:aiogram.dispatcher:Failed to fetch updates - TelegramNetworkError: HTTP Client says - ClientConnectorDNSError: Cannot connect to host api.telegram.org:443 ssl:default [nodename nor servname provided, or not known]
WARNING:aiogram.dispatcher:Sleep for 5.001822 seconds and try again... (tryings = 263, bot id = 8917065606)
ERROR:aiogram.dispatcher:Failed to fetch updates - TelegramNetworkError: HTTP Client says - ClientConnectorDNSError: Cannot connect to host api.telegram.org:443 ssl:default [nodename nor servname provided, or not known]
WARNING:aiogram.dispatcher:Sleep for 4.937117 seconds and try again... (tryings = 264, bot id = 8917065606)
ERROR:aiogram.dispatcher:Failed to fetch updates - TelegramNetworkError: HTTP Client says - ClientConnectorDNSError: Cannot connect to host api.telegram.org:443 ssl:default [nodename nor servname provided, or not known]
WARNING:aiogram.dispatcher:Sleep for 5.005066 seconds and try again... (tryings = 265, bot id = 8917065606)
ERROR:aiogram.dispatcher:Failed to fetch updates - TelegramNetworkError: HTTP Client says - ClientConnectorDNSError: Cannot connect to host api.telegram.org:443 ssl:default [nodename nor servname provided, or not known]
WARNING:aiogram.dispatcher:Sleep for 5.159774 seconds and try again... (tryings = 266, bot id = 8917065606)
ERROR:aiogram.dispatcher:Failed to fetch updates - TelegramNetworkError: HTTP Client says - ClientConnectorDNSError: Cannot connect to host api.telegram.org:443 ssl:default [nodename nor servname provided, or not known]
WARNING:aiogram.dispatcher:Sleep for 4.980245 seconds and try again... (tryings = 267, bot id = 8917065606)
ERROR:aiogram.dispatcher:Failed to fetch updates - TelegramNetworkError: HTTP Client says - ClientConnectorDNSError: Cannot connect to host api.telegram.org:443 ssl:default [nodename nor servname provided, or not known]
WARNING:aiogram.dispatcher:Sleep for 4.958982 seconds and try again... (tryings = 268, bot id = 8917065606)
ERROR:aiogram.dispatcher:Failed to fetch updates - TelegramNetworkError: HTTP Client says - ClientConnectorDNSError: Cannot connect to host api.telegram.org:443 ssl:default [nodename nor servname provided, or not known]
WARNING:aiogram.dispatcher:Sleep for 4.970137 seconds and try again... (tryings = 269, bot id = 8917065606)
ERROR:aiogram.dispatcher:Failed to fetch updates - TelegramNetworkError: HTTP Client says - ClientConnectorDNSError: Cannot connect to host api.telegram.org:443 ssl:default [nodename nor servname provided, or not known]
WARNING:aiogram.dispatcher:Sleep for 5.051110 seconds and try again... (tryings = 270, bot id = 8917065606)
ERROR:aiogram.dispatcher:Failed to fetch updates - TelegramNetworkError: HTTP Client says - ClientConnectorDNSError: Cannot connect to host api.telegram.org:443 ssl:default [nodename nor servname provided, or not known]
WARNING:aiogram.dispatcher:Sleep for 5.079462 seconds and try again... (tryings = 271, bot id = 8917065606)
ERROR:aiogram.dispatcher:Failed to fetch updates - TelegramNetworkError: HTTP Client says - ClientConnectorDNSError: Cannot connect to host api.telegram.org:443 ssl:default [nodename nor servname provided, or not known]
WARNING:aiogram.dispatcher:Sleep for 5.003340 seconds and try again... (tryings = 272, bot id = 8917065606)
ERROR:aiogram.dispatcher:Failed to fetch updates - TelegramNetworkError: HTTP Client says - ClientConnectorDNSError: Cannot connect to host api.telegram.org:443 ssl:default [nodename nor servname provided, or not known]
WARNING:aiogram.dispatcher:Sleep for 5.048663 seconds and try again... (tryings = 273, bot id = 8917065606)
ERROR:aiogram.dispatcher:Failed to fetch updates - TelegramNetworkError: HTTP Client says - ClientConnectorDNSError: Cannot connect to host api.telegram.org:443 ssl:default [nodename nor servname provided, or not known]
WARNING:aiogram.dispatcher:Sleep for 5.027783 seconds and try again... (tryings = 274, bot id = 8917065606)
ERROR:aiogram.dispatcher:Failed to fetch updates - TelegramNetworkError: HTTP Client says - ClientConnectorDNSError: Cannot connect to host api.telegram.org:443 ssl:default [nodename nor servname provided, or not known]
WARNING:aiogram.dispatcher:Sleep for 4.913404 seconds and try again... (tryings = 275, bot id = 8917065606)
ERROR:aiogram.dispatcher:Failed to fetch updates - TelegramNetworkError: HTTP Client says - ClientConnectorDNSError: Cannot connect to host api.telegram.org:443 ssl:default [nodename nor servname provided, or not known]
WARNING:aiogram.dispatcher:Sleep for 5.013006 seconds and try again... (tryings = 276, bot id = 8917065606)
ERROR:aiogram.dispatcher:Failed to fetch updates - TelegramNetworkError: HTTP Client says - ClientConnectorDNSError: Cannot connect to host api.telegram.org:443 ssl:default [nodename nor servname provided, or not known]
WARNING:aiogram.dispatcher:Sleep for 4.999602 seconds and try again... (tryings = 277, bot id = 8917065606)
ERROR:aiogram.dispatcher:Failed to fetch updates - TelegramNetworkError: HTTP Client says - ClientConnectorDNSError: Cannot connect to host api.telegram.org:443 ssl:default [nodename nor servname provided, or not known]
WARNING:aiogram.dispatcher:Sleep for 5.113019 seconds and try again... (tryings = 278, bot id = 8917065606)
ERROR:aiogram.dispatcher:Failed to fetch updates - TelegramNetworkError: HTTP Client says - ClientConnectorDNSError: Cannot connect to host api.telegram.org:443 ssl:default [nodename nor servname provided, or not known]
WARNING:aiogram.dispatcher:Sleep for 5.149951 seconds and try again... (tryings = 279, bot id = 8917065606)
ERROR:aiogram.dispatcher:Failed to fetch updates - TelegramNetworkError: HTTP Client says - ClientConnectorDNSError: Cannot connect to host api.telegram.org:443 ssl:default [nodename nor servname provided, or not known]
WARNING:aiogram.dispatcher:Sleep for 4.941596 seconds and try again... (tryings = 280, bot id = 8917065606)
ERROR:aiogram.dispatcher:Failed to fetch updates - TelegramNetworkError: HTTP Client says - ClientConnectorDNSError: Cannot connect to host api.telegram.org:443 ssl:default [nodename nor servname provided, or not known]
WARNING:aiogram.dispatcher:Sleep for 4.971246 seconds and try again... (tryings = 281, bot id = 8917065606)
ERROR:aiogram.dispatcher:Failed to fetch updates - TelegramNetworkError: HTTP Client says - ClientConnectorDNSError: Cannot connect to host api.telegram.org:443 ssl:default [nodename nor servname provided, or not known]
WARNING:aiogram.dispatcher:Sleep for 4.985597 seconds and try again... (tryings = 282, bot id = 8917065606)
ERROR:aiogram.dispatcher:Failed to fetch updates - TelegramNetworkError: HTTP Client says - ClientConnectorDNSError: Cannot connect to host api.telegram.org:443 ssl:default [nodename nor servname provided, or not known]
WARNING:aiogram.dispatcher:Sleep for 5.000965 seconds and try again... (tryings = 283, bot id = 8917065606)
ERROR:aiogram.dispatcher:Failed to fetch updates - TelegramNetworkError: HTTP Client says - ClientConnectorDNSError: Cannot connect to host api.telegram.org:443 ssl:default [nodename nor servname provided, or not known]
WARNING:aiogram.dispatcher:Sleep for 5.057498 seconds and try again... (tryings = 284, bot id = 8917065606)
ERROR:aiogram.dispatcher:Failed to fetch updates - TelegramNetworkError: HTTP Client says - ClientConnectorDNSError: Cannot connect to host api.telegram.org:443 ssl:default [nodename nor servname provided, or not known]
WARNING:aiogram.dispatcher:Sleep for 4.918324 seconds and try again... (tryings = 285, bot id = 8917065606)
ERROR:aiogram.dispatcher:Failed to fetch updates - TelegramNetworkError: HTTP Client says - ClientConnectorDNSError: Cannot connect to host api.telegram.org:443 ssl:default [nodename nor servname provided, or not known]
WARNING:aiogram.dispatcher:Sleep for 4.781814 seconds and try again... (tryings = 286, bot id = 8917065606)
ERROR:aiogram.dispatcher:Failed to fetch updates - TelegramNetworkError: HTTP Client says - ClientConnectorDNSError: Cannot connect to host api.telegram.org:443 ssl:default [nodename nor servname provided, or not known]
WARNING:aiogram.dispatcher:Sleep for 4.913467 seconds and try again... (tryings = 287, bot id = 8917065606)
ERROR:aiogram.dispatcher:Failed to fetch updates - TelegramNetworkError: HTTP Client says - ClientConnectorDNSError: Cannot connect to host api.telegram.org:443 ssl:default [nodename nor servname provided, or not known]
WARNING:aiogram.dispatcher:Sleep for 5.010615 seconds and try again... (tryings = 288, bot id = 8917065606)
ERROR:aiogram.dispatcher:Failed to fetch updates - TelegramNetworkError: HTTP Client says - ClientConnectorDNSError: Cannot connect to host api.telegram.org:443 ssl:default [nodename nor servname provided, or not known]
WARNING:aiogram.dispatcher:Sleep for 4.997830 seconds and try again... (tryings = 289, bot id = 8917065606)
ERROR:aiogram.dispatcher:Failed to fetch updates - TelegramNetworkError: HTTP Client says - ClientConnectorDNSError: Cannot connect to host api.telegram.org:443 ssl:default [nodename nor servname provided, or not known]
WARNING:aiogram.dispatcher:Sleep for 5.112139 seconds and try again... (tryings = 290, bot id = 8917065606)
ERROR:aiogram.dispatcher:Failed to fetch updates - TelegramNetworkError: HTTP Client says - ClientConnectorDNSError: Cannot connect to host api.telegram.org:443 ssl:default [nodename nor servname provided, or not known]
WARNING:aiogram.dispatcher:Sleep for 4.970804 seconds and try again... (tryings = 291, bot id = 8917065606)
ERROR:aiogram.dispatcher:Failed to fetch updates - TelegramNetworkError: HTTP Client says - ClientConnectorDNSError: Cannot connect to host api.telegram.org:443 ssl:default [nodename nor servname provided, or not known]
WARNING:aiogram.dispatcher:Sleep for 5.155412 seconds and try again... (tryings = 292, bot id = 8917065606)
ERROR:aiogram.dispatcher:Failed to fetch updates - TelegramNetworkError: HTTP Client says - ClientConnectorDNSError: Cannot connect to host api.telegram.org:443 ssl:default [nodename nor servname provided, or not known]
WARNING:aiogram.dispatcher:Sleep for 4.934135 seconds and try again... (tryings = 293, bot id = 8917065606)
ERROR:aiogram.dispatcher:Failed to fetch updates - TelegramNetworkError: HTTP Client says - ClientConnectorDNSError: Cannot connect to host api.telegram.org:443 ssl:default [nodename nor servname provided, or not known]
WARNING:aiogram.dispatcher:Sleep for 4.942214 seconds and try again... (tryings = 294, bot id = 8917065606)
ERROR:aiogram.dispatcher:Failed to fetch updates - TelegramNetworkError: HTTP Client says - ClientConnectorDNSError: Cannot connect to host api.telegram.org:443 ssl:default [nodename nor servname provided, or not known]
WARNING:aiogram.dispatcher:Sleep for 4.990557 seconds and try again... (tryings = 295, bot id = 8917065606)
ERROR:aiogram.dispatcher:Failed to fetch updates - TelegramNetworkError: HTTP Client says - ClientConnectorDNSError: Cannot connect to host api.telegram.org:443 ssl:default [nodename nor servname provided, or not known]
WARNING:aiogram.dispatcher:Sleep for 4.990104 seconds and try again... (tryings = 296, bot id = 8917065606)
ERROR:aiogram.dispatcher:Failed to fetch updates - TelegramNetworkError: HTTP Client says - ClientConnectorDNSError: Cannot connect to host api.telegram.org:443 ssl:default [nodename nor servname provided, or not known]
WARNING:aiogram.dispatcher:Sleep for 5.075948 seconds and try again... (tryings = 297, bot id = 8917065606)
ERROR:aiogram.dispatcher:Failed to fetch updates - TelegramNetworkError: HTTP Client says - ClientConnectorDNSError: Cannot connect to host api.telegram.org:443 ssl:default [nodename nor servname provided, or not known]
WARNING:aiogram.dispatcher:Sleep for 4.902549 seconds and try again... (tryings = 298, bot id = 8917065606)
ERROR:aiogram.dispatcher:Failed to fetch updates - TelegramNetworkError: HTTP Client says - ClientConnectorDNSError: Cannot connect to host api.telegram.org:443 ssl:default [nodename nor servname provided, or not known]
WARNING:aiogram.dispatcher:Sleep for 5.119526 seconds and try again... (tryings = 299, bot id = 8917065606)
ERROR:aiogram.dispatcher:Failed to fetch updates - TelegramNetworkError: HTTP Client says - ClientConnectorDNSError: Cannot connect to host api.telegram.org:443 ssl:default [nodename nor servname provided, or not known]
WARNING:aiogram.dispatcher:Sleep for 5.104008 seconds and try again... (tryings = 300, bot id = 8917065606)
ERROR:aiogram.dispatcher:Failed to fetch updates - TelegramNetworkError: HTTP Client says - ClientConnectorDNSError: Cannot connect to host api.telegram.org:443 ssl:default [nodename nor servname provided, or not known]
WARNING:aiogram.dispatcher:Sleep for 4.999204 seconds and try again... (tryings = 301, bot id = 8917065606)
ERROR:aiogram.dispatcher:Failed to fetch updates - TelegramNetworkError: HTTP Client says - ClientConnectorDNSError: Cannot connect to host api.telegram.org:443 ssl:default [nodename nor servname provided, or not known]
WARNING:aiogram.dispatcher:Sleep for 4.940262 seconds and try again... (tryings = 302, bot id = 8917065606)
ERROR:aiogram.dispatcher:Failed to fetch updates - TelegramNetworkError: HTTP Client says - ClientConnectorDNSError: Cannot connect to host api.telegram.org:443 ssl:default [nodename nor servname provided, or not known]
WARNING:aiogram.dispatcher:Sleep for 4.809248 seconds and try again... (tryings = 303, bot id = 8917065606)
ERROR:aiogram.dispatcher:Failed to fetch updates - TelegramNetworkError: HTTP Client says - ClientConnectorDNSError: Cannot connect to host api.telegram.org:443 ssl:default [nodename nor servname provided, or not known]
WARNING:aiogram.dispatcher:Sleep for 4.926306 seconds and try again... (tryings = 304, bot id = 8917065606)
ERROR:aiogram.dispatcher:Failed to fetch updates - TelegramNetworkError: HTTP Client says - ClientConnectorDNSError: Cannot connect to host api.telegram.org:443 ssl:default [nodename nor servname provided, or not known]
WARNING:aiogram.dispatcher:Sleep for 4.826280 seconds and try again... (tryings = 305, bot id = 8917065606)
ERROR:aiogram.dispatcher:Failed to fetch updates - TelegramNetworkError: HTTP Client says - ClientConnectorDNSError: Cannot connect to host api.telegram.org:443 ssl:default [nodename nor servname provided, or not known]
WARNING:aiogram.dispatcher:Sleep for 5.084205 seconds and try again... (tryings = 306, bot id = 8917065606)
ERROR:aiogram.dispatcher:Failed to fetch updates - TelegramNetworkError: HTTP Client says - ClientConnectorDNSError: Cannot connect to host api.telegram.org:443 ssl:default [nodename nor servname provided, or not known]
WARNING:aiogram.dispatcher:Sleep for 4.928145 seconds and try again... (tryings = 307, bot id = 8917065606)
ERROR:aiogram.dispatcher:Failed to fetch updates - TelegramNetworkError: HTTP Client says - ClientConnectorDNSError: Cannot connect to host api.telegram.org:443 ssl:default [nodename nor servname provided, or not known]
WARNING:aiogram.dispatcher:Sleep for 5.164483 seconds and try again... (tryings = 308, bot id = 8917065606)
ERROR:aiogram.dispatcher:Failed to fetch updates - TelegramNetworkError: HTTP Client says - ClientConnectorDNSError: Cannot connect to host api.telegram.org:443 ssl:default [nodename nor servname provided, or not known]
WARNING:aiogram.dispatcher:Sleep for 5.051731 seconds and try again... (tryings = 309, bot id = 8917065606)
ERROR:aiogram.dispatcher:Failed to fetch updates - TelegramNetworkError: HTTP Client says - ClientConnectorDNSError: Cannot connect to host api.telegram.org:443 ssl:default [nodename nor servname provided, or not known]
WARNING:aiogram.dispatcher:Sleep for 4.942338 seconds and try again... (tryings = 310, bot id = 8917065606)
ERROR:aiogram.dispatcher:Failed to fetch updates - TelegramNetworkError: HTTP Client says - ClientConnectorDNSError: Cannot connect to host api.telegram.org:443 ssl:default [nodename nor servname provided, or not known]
WARNING:aiogram.dispatcher:Sleep for 4.967687 seconds and try again... (tryings = 311, bot id = 8917065606)
ERROR:aiogram.dispatcher:Failed to fetch updates - TelegramNetworkError: HTTP Client says - ClientConnectorDNSError: Cannot connect to host api.telegram.org:443 ssl:default [nodename nor servname provided, or not known]
WARNING:aiogram.dispatcher:Sleep for 4.797661 seconds and try again... (tryings = 312, bot id = 8917065606)
ERROR:aiogram.dispatcher:Failed to fetch updates - TelegramNetworkError: HTTP Client says - ClientConnectorDNSError: Cannot connect to host api.telegram.org:443 ssl:default [nodename nor servname provided, or not known]
WARNING:aiogram.dispatcher:Sleep for 4.909812 seconds and try again... (tryings = 313, bot id = 8917065606)
ERROR:aiogram.dispatcher:Failed to fetch updates - TelegramNetworkError: HTTP Client says - ClientConnectorDNSError: Cannot connect to host api.telegram.org:443 ssl:default [nodename nor servname provided, or not known]
WARNING:aiogram.dispatcher:Sleep for 5.024342 seconds and try again... (tryings = 314, bot id = 8917065606)
ERROR:aiogram.dispatcher:Failed to fetch updates - TelegramNetworkError: HTTP Client says - ClientConnectorDNSError: Cannot connect to host api.telegram.org:443 ssl:default [nodename nor servname provided, or not known]
WARNING:aiogram.dispatcher:Sleep for 4.971251 seconds and try again... (tryings = 315, bot id = 8917065606)
ERROR:aiogram.dispatcher:Failed to fetch updates - TelegramNetworkError: HTTP Client says - ClientConnectorDNSError: Cannot connect to host api.telegram.org:443 ssl:default [nodename nor servname provided, or not known]
WARNING:aiogram.dispatcher:Sleep for 4.899590 seconds and try again... (tryings = 316, bot id = 8917065606)
ERROR:aiogram.dispatcher:Failed to fetch updates - TelegramNetworkError: HTTP Client says - ClientConnectorDNSError: Cannot connect to host api.telegram.org:443 ssl:default [nodename nor servname provided, or not known]
WARNING:aiogram.dispatcher:Sleep for 5.045250 seconds and try again... (tryings = 317, bot id = 8917065606)
ERROR:aiogram.dispatcher:Failed to fetch updates - TelegramNetworkError: HTTP Client says - ClientConnectorDNSError: Cannot connect to host api.telegram.org:443 ssl:default [nodename nor servname provided, or not known]
WARNING:aiogram.dispatcher:Sleep for 4.997175 seconds and try again... (tryings = 318, bot id = 8917065606)
ERROR:aiogram.dispatcher:Failed to fetch updates - TelegramNetworkError: HTTP Client says - ClientConnectorDNSError: Cannot connect to host api.telegram.org:443 ssl:default [nodename nor servname provided, or not known]
WARNING:aiogram.dispatcher:Sleep for 4.860775 seconds and try again... (tryings = 319, bot id = 8917065606)
ERROR:aiogram.dispatcher:Failed to fetch updates - TelegramNetworkError: HTTP Client says - ClientConnectorDNSError: Cannot connect to host api.telegram.org:443 ssl:default [nodename nor servname provided, or not known]
WARNING:aiogram.dispatcher:Sleep for 4.915105 seconds and try again... (tryings = 320, bot id = 8917065606)
ERROR:aiogram.dispatcher:Failed to fetch updates - TelegramNetworkError: HTTP Client says - ClientConnectorDNSError: Cannot connect to host api.telegram.org:443 ssl:default [nodename nor servname provided, or not known]
WARNING:aiogram.dispatcher:Sleep for 5.038430 seconds and try again... (tryings = 321, bot id = 8917065606)
ERROR:aiogram.dispatcher:Failed to fetch updates - TelegramNetworkError: HTTP Client says - ClientConnectorDNSError: Cannot connect to host api.telegram.org:443 ssl:default [nodename nor servname provided, or not known]
WARNING:aiogram.dispatcher:Sleep for 4.996023 seconds and try again... (tryings = 322, bot id = 8917065606)
ERROR:aiogram.dispatcher:Failed to fetch updates - TelegramNetworkError: HTTP Client says - ClientConnectorDNSError: Cannot connect to host api.telegram.org:443 ssl:default [nodename nor servname provided, or not known]
WARNING:aiogram.dispatcher:Sleep for 5.085483 seconds and try again... (tryings = 323, bot id = 8917065606)
ERROR:aiogram.dispatcher:Failed to fetch updates - TelegramNetworkError: HTTP Client says - ClientConnectorDNSError: Cannot connect to host api.telegram.org:443 ssl:default [nodename nor servname provided, or not known]
WARNING:aiogram.dispatcher:Sleep for 4.905395 seconds and try again... (tryings = 324, bot id = 8917065606)
ERROR:aiogram.dispatcher:Failed to fetch updates - TelegramNetworkError: HTTP Client says - ClientConnectorDNSError: Cannot connect to host api.telegram.org:443 ssl:default [nodename nor servname provided, or not known]
WARNING:aiogram.dispatcher:Sleep for 5.062902 seconds and try again... (tryings = 325, bot id = 8917065606)
ERROR:aiogram.dispatcher:Failed to fetch updates - TelegramNetworkError: HTTP Client says - ClientConnectorDNSError: Cannot connect to host api.telegram.org:443 ssl:default [nodename nor servname provided, or not known]
WARNING:aiogram.dispatcher:Sleep for 4.884282 seconds and try again... (tryings = 326, bot id = 8917065606)
ERROR:aiogram.dispatcher:Failed to fetch updates - TelegramNetworkError: HTTP Client says - ClientConnectorDNSError: Cannot connect to host api.telegram.org:443 ssl:default [nodename nor servname provided, or not known]
WARNING:aiogram.dispatcher:Sleep for 4.973991 seconds and try again... (tryings = 327, bot id = 8917065606)
ERROR:aiogram.dispatcher:Failed to fetch updates - TelegramNetworkError: HTTP Client says - ClientConnectorDNSError: Cannot connect to host api.telegram.org:443 ssl:default [nodename nor servname provided, or not known]
WARNING:aiogram.dispatcher:Sleep for 5.140001 seconds and try again... (tryings = 328, bot id = 8917065606)
ERROR:aiogram.dispatcher:Failed to fetch updates - TelegramNetworkError: HTTP Client says - ClientConnectorDNSError: Cannot connect to host api.telegram.org:443 ssl:default [nodename nor servname provided, or not known]
WARNING:aiogram.dispatcher:Sleep for 5.053391 seconds and try again... (tryings = 329, bot id = 8917065606)
ERROR:aiogram.dispatcher:Failed to fetch updates - TelegramNetworkError: HTTP Client says - ClientConnectorDNSError: Cannot connect to host api.telegram.org:443 ssl:default [nodename nor servname provided, or not known]
WARNING:aiogram.dispatcher:Sleep for 5.121364 seconds and try again... (tryings = 330, bot id = 8917065606)
ERROR:aiogram.dispatcher:Failed to fetch updates - TelegramNetworkError: HTTP Client says - ClientConnectorDNSError: Cannot connect to host api.telegram.org:443 ssl:default [nodename nor servname provided, or not known]
WARNING:aiogram.dispatcher:Sleep for 5.035521 seconds and try again... (tryings = 331, bot id = 8917065606)
ERROR:aiogram.dispatcher:Failed to fetch updates - TelegramNetworkError: HTTP Client says - ClientConnectorDNSError: Cannot connect to host api.telegram.org:443 ssl:default [nodename nor servname provided, or not known]
WARNING:aiogram.dispatcher:Sleep for 4.893505 seconds and try again... (tryings = 332, bot id = 8917065606)
ERROR:aiogram.dispatcher:Failed to fetch updates - TelegramNetworkError: HTTP Client says - ClientConnectorDNSError: Cannot connect to host api.telegram.org:443 ssl:default [nodename nor servname provided, or not known]
WARNING:aiogram.dispatcher:Sleep for 5.030373 seconds and try again... (tryings = 333, bot id = 8917065606)
ERROR:aiogram.dispatcher:Failed to fetch updates - TelegramNetworkError: HTTP Client says - ClientConnectorDNSError: Cannot connect to host api.telegram.org:443 ssl:default [nodename nor servname provided, or not known]
WARNING:aiogram.dispatcher:Sleep for 5.089288 seconds and try again... (tryings = 334, bot id = 8917065606)
ERROR:aiogram.dispatcher:Failed to fetch updates - TelegramNetworkError: HTTP Client says - ClientConnectorDNSError: Cannot connect to host api.telegram.org:443 ssl:default [nodename nor servname provided, or not known]
WARNING:aiogram.dispatcher:Sleep for 4.942640 seconds and try again... (tryings = 335, bot id = 8917065606)
ERROR:aiogram.dispatcher:Failed to fetch updates - TelegramNetworkError: HTTP Client says - ClientConnectorDNSError: Cannot connect to host api.telegram.org:443 ssl:default [nodename nor servname provided, or not known]
WARNING:aiogram.dispatcher:Sleep for 4.959239 seconds and try again... (tryings = 336, bot id = 8917065606)
ERROR:aiogram.dispatcher:Failed to fetch updates - TelegramNetworkError: HTTP Client says - ClientConnectorDNSError: Cannot connect to host api.telegram.org:443 ssl:default [nodename nor servname provided, or not known]
WARNING:aiogram.dispatcher:Sleep for 4.827842 seconds and try again... (tryings = 337, bot id = 8917065606)
ERROR:aiogram.dispatcher:Failed to fetch updates - TelegramNetworkError: HTTP Client says - ClientConnectorDNSError: Cannot connect to host api.telegram.org:443 ssl:default [nodename nor servname provided, or not known]
WARNING:aiogram.dispatcher:Sleep for 4.936721 seconds and try again... (tryings = 338, bot id = 8917065606)
ERROR:aiogram.dispatcher:Failed to fetch updates - TelegramNetworkError: HTTP Client says - ClientConnectorDNSError: Cannot connect to host api.telegram.org:443 ssl:default [nodename nor servname provided, or not known]
WARNING:aiogram.dispatcher:Sleep for 4.959510 seconds and try again... (tryings = 339, bot id = 8917065606)
ERROR:aiogram.dispatcher:Failed to fetch updates - TelegramNetworkError: HTTP Client says - ClientConnectorDNSError: Cannot connect to host api.telegram.org:443 ssl:default [nodename nor servname provided, or not known]
WARNING:aiogram.dispatcher:Sleep for 5.112529 seconds and try again... (tryings = 340, bot id = 8917065606)
ERROR:aiogram.dispatcher:Failed to fetch updates - TelegramNetworkError: HTTP Client says - ClientConnectorDNSError: Cannot connect to host api.telegram.org:443 ssl:default [nodename nor servname provided, or not known]
WARNING:aiogram.dispatcher:Sleep for 4.909331 seconds and try again... (tryings = 341, bot id = 8917065606)
ERROR:aiogram.dispatcher:Failed to fetch updates - TelegramNetworkError: HTTP Client says - ClientConnectorDNSError: Cannot connect to host api.telegram.org:443 ssl:default [nodename nor servname provided, or not known]
WARNING:aiogram.dispatcher:Sleep for 4.967560 seconds and try again... (tryings = 342, bot id = 8917065606)
ERROR:aiogram.dispatcher:Failed to fetch updates - TelegramNetworkError: HTTP Client says - ClientConnectorDNSError: Cannot connect to host api.telegram.org:443 ssl:default [nodename nor servname provided, or not known]
WARNING:aiogram.dispatcher:Sleep for 5.107226 seconds and try again... (tryings = 343, bot id = 8917065606)
ERROR:aiogram.dispatcher:Failed to fetch updates - TelegramNetworkError: HTTP Client says - ClientConnectorDNSError: Cannot connect to host api.telegram.org:443 ssl:default [nodename nor servname provided, or not known]
WARNING:aiogram.dispatcher:Sleep for 4.984519 seconds and try again... (tryings = 344, bot id = 8917065606)
ERROR:aiogram.dispatcher:Failed to fetch updates - TelegramNetworkError: HTTP Client says - ClientConnectorDNSError: Cannot connect to host api.telegram.org:443 ssl:default [nodename nor servname provided, or not known]
WARNING:aiogram.dispatcher:Sleep for 4.918254 seconds and try again... (tryings = 345, bot id = 8917065606)
ERROR:aiogram.dispatcher:Failed to fetch updates - TelegramNetworkError: HTTP Client says - ClientConnectorDNSError: Cannot connect to host api.telegram.org:443 ssl:default [nodename nor servname provided, or not known]
WARNING:aiogram.dispatcher:Sleep for 4.947964 seconds and try again... (tryings = 346, bot id = 8917065606)
ERROR:aiogram.dispatcher:Failed to fetch updates - TelegramNetworkError: HTTP Client says - ClientConnectorDNSError: Cannot connect to host api.telegram.org:443 ssl:default [nodename nor servname provided, or not known]
WARNING:aiogram.dispatcher:Sleep for 5.092212 seconds and try again... (tryings = 347, bot id = 8917065606)
ERROR:aiogram.dispatcher:Failed to fetch updates - TelegramNetworkError: HTTP Client says - ClientConnectorDNSError: Cannot connect to host api.telegram.org:443 ssl:default [nodename nor servname provided, or not known]
WARNING:aiogram.dispatcher:Sleep for 5.040021 seconds and try again... (tryings = 348, bot id = 8917065606)
ERROR:aiogram.dispatcher:Failed to fetch updates - TelegramNetworkError: HTTP Client says - ClientConnectorDNSError: Cannot connect to host api.telegram.org:443 ssl:default [nodename nor servname provided, or not known]
WARNING:aiogram.dispatcher:Sleep for 4.989543 seconds and try again... (tryings = 349, bot id = 8917065606)
ERROR:aiogram.dispatcher:Failed to fetch updates - TelegramNetworkError: HTTP Client says - ClientConnectorDNSError: Cannot connect to host api.telegram.org:443 ssl:default [nodename nor servname provided, or not known]
WARNING:aiogram.dispatcher:Sleep for 4.947265 seconds and try again... (tryings = 350, bot id = 8917065606)
ERROR:aiogram.dispatcher:Failed to fetch updates - TelegramNetworkError: HTTP Client says - ClientConnectorDNSError: Cannot connect to host api.telegram.org:443 ssl:default [nodename nor servname provided, or not known]
WARNING:aiogram.dispatcher:Sleep for 5.072549 seconds and try again... (tryings = 351, bot id = 8917065606)
ERROR:aiogram.dispatcher:Failed to fetch updates - TelegramNetworkError: HTTP Client says - ClientConnectorDNSError: Cannot connect to host api.telegram.org:443 ssl:default [nodename nor servname provided, or not known]
WARNING:aiogram.dispatcher:Sleep for 5.071311 seconds and try again... (tryings = 352, bot id = 8917065606)
ERROR:aiogram.dispatcher:Failed to fetch updates - TelegramNetworkError: HTTP Client says - ClientConnectorDNSError: Cannot connect to host api.telegram.org:443 ssl:default [nodename nor servname provided, or not known]
WARNING:aiogram.dispatcher:Sleep for 5.077252 seconds and try again... (tryings = 353, bot id = 8917065606)
ERROR:aiogram.dispatcher:Failed to fetch updates - TelegramNetworkError: HTTP Client says - ClientConnectorDNSError: Cannot connect to host api.telegram.org:443 ssl:default [nodename nor servname provided, or not known]
WARNING:aiogram.dispatcher:Sleep for 4.888837 seconds and try again... (tryings = 354, bot id = 8917065606)
ERROR:aiogram.dispatcher:Failed to fetch updates - TelegramNetworkError: HTTP Client says - ClientConnectorDNSError: Cannot connect to host api.telegram.org:443 ssl:default [nodename nor servname provided, or not known]
WARNING:aiogram.dispatcher:Sleep for 4.841356 seconds and try again... (tryings = 355, bot id = 8917065606)
ERROR:aiogram.dispatcher:Failed to fetch updates - TelegramNetworkError: HTTP Client says - ClientConnectorDNSError: Cannot connect to host api.telegram.org:443 ssl:default [nodename nor servname provided, or not known]
WARNING:aiogram.dispatcher:Sleep for 4.961596 seconds and try again... (tryings = 356, bot id = 8917065606)
ERROR:aiogram.dispatcher:Failed to fetch updates - TelegramNetworkError: HTTP Client says - ClientConnectorDNSError: Cannot connect to host api.telegram.org:443 ssl:default [nodename nor servname provided, or not known]
WARNING:aiogram.dispatcher:Sleep for 5.084740 seconds and try again... (tryings = 357, bot id = 8917065606)
ERROR:aiogram.dispatcher:Failed to fetch updates - TelegramNetworkError: HTTP Client says - ClientConnectorDNSError: Cannot connect to host api.telegram.org:443 ssl:default [nodename nor servname provided, or not known]
WARNING:aiogram.dispatcher:Sleep for 4.881018 seconds and try again... (tryings = 358, bot id = 8917065606)
ERROR:aiogram.dispatcher:Failed to fetch updates - TelegramNetworkError: HTTP Client says - ClientConnectorDNSError: Cannot connect to host api.telegram.org:443 ssl:default [nodename nor servname provided, or not known]
WARNING:aiogram.dispatcher:Sleep for 4.885600 seconds and try again... (tryings = 359, bot id = 8917065606)
ERROR:aiogram.dispatcher:Failed to fetch updates - TelegramNetworkError: HTTP Client says - ClientConnectorDNSError: Cannot connect to host api.telegram.org:443 ssl:default [nodename nor servname provided, or not known]
WARNING:aiogram.dispatcher:Sleep for 5.014447 seconds and try again... (tryings = 360, bot id = 8917065606)
ERROR:aiogram.dispatcher:Failed to fetch updates - TelegramNetworkError: HTTP Client says - ClientConnectorDNSError: Cannot connect to host api.telegram.org:443 ssl:default [nodename nor servname provided, or not known]
WARNING:aiogram.dispatcher:Sleep for 5.029130 seconds and try again... (tryings = 361, bot id = 8917065606)
ERROR:aiogram.dispatcher:Failed to fetch updates - TelegramNetworkError: HTTP Client says - ClientConnectorDNSError: Cannot connect to host api.telegram.org:443 ssl:default [nodename nor servname provided, or not known]
WARNING:aiogram.dispatcher:Sleep for 4.893220 seconds and try again... (tryings = 362, bot id = 8917065606)
ERROR:aiogram.dispatcher:Failed to fetch updates - TelegramNetworkError: HTTP Client says - ClientConnectorDNSError: Cannot connect to host api.telegram.org:443 ssl:default [nodename nor servname provided, or not known]
WARNING:aiogram.dispatcher:Sleep for 4.984097 seconds and try again... (tryings = 363, bot id = 8917065606)
ERROR:aiogram.dispatcher:Failed to fetch updates - TelegramNetworkError: HTTP Client says - ClientConnectorDNSError: Cannot connect to host api.telegram.org:443 ssl:default [nodename nor servname provided, or not known]
WARNING:aiogram.dispatcher:Sleep for 5.094421 seconds and try again... (tryings = 364, bot id = 8917065606)
ERROR:aiogram.dispatcher:Failed to fetch updates - TelegramNetworkError: HTTP Client says - ClientConnectorDNSError: Cannot connect to host api.telegram.org:443 ssl:default [nodename nor servname provided, or not known]
WARNING:aiogram.dispatcher:Sleep for 4.985524 seconds and try again... (tryings = 365, bot id = 8917065606)
ERROR:aiogram.dispatcher:Failed to fetch updates - TelegramNetworkError: HTTP Client says - ClientConnectorDNSError: Cannot connect to host api.telegram.org:443 ssl:default [nodename nor servname provided, or not known]
WARNING:aiogram.dispatcher:Sleep for 5.066068 seconds and try again... (tryings = 366, bot id = 8917065606)
ERROR:aiogram.dispatcher:Failed to fetch updates - TelegramNetworkError: HTTP Client says - ClientConnectorDNSError: Cannot connect to host api.telegram.org:443 ssl:default [nodename nor servname provided, or not known]
WARNING:aiogram.dispatcher:Sleep for 5.077563 seconds and try again... (tryings = 367, bot id = 8917065606)
ERROR:aiogram.dispatcher:Failed to fetch updates - TelegramNetworkError: HTTP Client says - ClientConnectorDNSError: Cannot connect to host api.telegram.org:443 ssl:default [nodename nor servname provided, or not known]
WARNING:aiogram.dispatcher:Sleep for 5.049327 seconds and try again... (tryings = 368, bot id = 8917065606)
ERROR:aiogram.dispatcher:Failed to fetch updates - TelegramNetworkError: HTTP Client says - ClientConnectorDNSError: Cannot connect to host api.telegram.org:443 ssl:default [nodename nor servname provided, or not known]
WARNING:aiogram.dispatcher:Sleep for 4.948965 seconds and try again... (tryings = 369, bot id = 8917065606)
ERROR:aiogram.dispatcher:Failed to fetch updates - TelegramNetworkError: HTTP Client says - ClientConnectorDNSError: Cannot connect to host api.telegram.org:443 ssl:default [nodename nor servname provided, or not known]
WARNING:aiogram.dispatcher:Sleep for 4.996320 seconds and try again... (tryings = 370, bot id = 8917065606)
ERROR:aiogram.dispatcher:Failed to fetch updates - TelegramNetworkError: HTTP Client says - ClientConnectorDNSError: Cannot connect to host api.telegram.org:443 ssl:default [nodename nor servname provided, or not known]
WARNING:aiogram.dispatcher:Sleep for 4.998328 seconds and try again... (tryings = 371, bot id = 8917065606)
ERROR:aiogram.dispatcher:Failed to fetch updates - TelegramNetworkError: HTTP Client says - ClientConnectorDNSError: Cannot connect to host api.telegram.org:443 ssl:default [nodename nor servname provided, or not known]
WARNING:aiogram.dispatcher:Sleep for 5.092433 seconds and try again... (tryings = 372, bot id = 8917065606)
ERROR:aiogram.dispatcher:Failed to fetch updates - TelegramNetworkError: HTTP Client says - ClientConnectorDNSError: Cannot connect to host api.telegram.org:443 ssl:default [nodename nor servname provided, or not known]
WARNING:aiogram.dispatcher:Sleep for 4.802353 seconds and try again... (tryings = 373, bot id = 8917065606)
ERROR:aiogram.dispatcher:Failed to fetch updates - TelegramNetworkError: HTTP Client says - ClientConnectorDNSError: Cannot connect to host api.telegram.org:443 ssl:default [nodename nor servname provided, or not known]
WARNING:aiogram.dispatcher:Sleep for 4.959211 seconds and try again... (tryings = 374, bot id = 8917065606)
ERROR:aiogram.dispatcher:Failed to fetch updates - TelegramNetworkError: HTTP Client says - ClientConnectorDNSError: Cannot connect to host api.telegram.org:443 ssl:default [nodename nor servname provided, or not known]
WARNING:aiogram.dispatcher:Sleep for 4.961000 seconds and try again... (tryings = 375, bot id = 8917065606)
ERROR:aiogram.dispatcher:Failed to fetch updates - TelegramNetworkError: HTTP Client says - ClientConnectorDNSError: Cannot connect to host api.telegram.org:443 ssl:default [nodename nor servname provided, or not known]
WARNING:aiogram.dispatcher:Sleep for 4.941152 seconds and try again... (tryings = 376, bot id = 8917065606)
ERROR:aiogram.dispatcher:Failed to fetch updates - TelegramNetworkError: HTTP Client says - ClientConnectorDNSError: Cannot connect to host api.telegram.org:443 ssl:default [nodename nor servname provided, or not known]
WARNING:aiogram.dispatcher:Sleep for 5.047975 seconds and try again... (tryings = 377, bot id = 8917065606)
ERROR:aiogram.dispatcher:Failed to fetch updates - TelegramNetworkError: HTTP Client says - ClientConnectorDNSError: Cannot connect to host api.telegram.org:443 ssl:default [nodename nor servname provided, or not known]
WARNING:aiogram.dispatcher:Sleep for 4.886927 seconds and try again... (tryings = 378, bot id = 8917065606)
ERROR:aiogram.dispatcher:Failed to fetch updates - TelegramNetworkError: HTTP Client says - ClientConnectorDNSError: Cannot connect to host api.telegram.org:443 ssl:default [nodename nor servname provided, or not known]
WARNING:aiogram.dispatcher:Sleep for 5.072850 seconds and try again... (tryings = 379, bot id = 8917065606)
ERROR:aiogram.dispatcher:Failed to fetch updates - TelegramNetworkError: HTTP Client says - ClientConnectorDNSError: Cannot connect to host api.telegram.org:443 ssl:default [nodename nor servname provided, or not known]
WARNING:aiogram.dispatcher:Sleep for 5.148785 seconds and try again... (tryings = 380, bot id = 8917065606)
ERROR:aiogram.dispatcher:Failed to fetch updates - TelegramNetworkError: HTTP Client says - ClientConnectorDNSError: Cannot connect to host api.telegram.org:443 ssl:default [nodename nor servname provided, or not known]
WARNING:aiogram.dispatcher:Sleep for 4.949065 seconds and try again... (tryings = 381, bot id = 8917065606)
ERROR:aiogram.dispatcher:Failed to fetch updates - TelegramNetworkError: HTTP Client says - ClientConnectorDNSError: Cannot connect to host api.telegram.org:443 ssl:default [nodename nor servname provided, or not known]
WARNING:aiogram.dispatcher:Sleep for 4.985600 seconds and try again... (tryings = 382, bot id = 8917065606)
ERROR:aiogram.dispatcher:Failed to fetch updates - TelegramNetworkError: HTTP Client says - ClientConnectorDNSError: Cannot connect to host api.telegram.org:443 ssl:default [nodename nor servname provided, or not known]
WARNING:aiogram.dispatcher:Sleep for 5.054371 seconds and try again... (tryings = 383, bot id = 8917065606)
ERROR:aiogram.dispatcher:Failed to fetch updates - TelegramNetworkError: HTTP Client says - ClientConnectorDNSError: Cannot connect to host api.telegram.org:443 ssl:default [nodename nor servname provided, or not known]
WARNING:aiogram.dispatcher:Sleep for 4.999872 seconds and try again... (tryings = 384, bot id = 8917065606)
ERROR:aiogram.dispatcher:Failed to fetch updates - TelegramNetworkError: HTTP Client says - ClientConnectorDNSError: Cannot connect to host api.telegram.org:443 ssl:default [nodename nor servname provided, or not known]
WARNING:aiogram.dispatcher:Sleep for 4.999033 seconds and try again... (tryings = 385, bot id = 8917065606)
ERROR:aiogram.dispatcher:Failed to fetch updates - TelegramNetworkError: HTTP Client says - ClientConnectorDNSError: Cannot connect to host api.telegram.org:443 ssl:default [nodename nor servname provided, or not known]
WARNING:aiogram.dispatcher:Sleep for 4.989335 seconds and try again... (tryings = 386, bot id = 8917065606)
ERROR:aiogram.dispatcher:Failed to fetch updates - TelegramNetworkError: HTTP Client says - ClientConnectorDNSError: Cannot connect to host api.telegram.org:443 ssl:default [nodename nor servname provided, or not known]
WARNING:aiogram.dispatcher:Sleep for 4.870136 seconds and try again... (tryings = 387, bot id = 8917065606)
ERROR:aiogram.dispatcher:Failed to fetch updates - TelegramNetworkError: HTTP Client says - ClientConnectorDNSError: Cannot connect to host api.telegram.org:443 ssl:default [nodename nor servname provided, or not known]
WARNING:aiogram.dispatcher:Sleep for 5.103087 seconds and try again... (tryings = 388, bot id = 8917065606)
ERROR:aiogram.dispatcher:Failed to fetch updates - TelegramNetworkError: HTTP Client says - ClientConnectorDNSError: Cannot connect to host api.telegram.org:443 ssl:default [nodename nor servname provided, or not known]
WARNING:aiogram.dispatcher:Sleep for 4.804519 seconds and try again... (tryings = 389, bot id = 8917065606)
ERROR:aiogram.dispatcher:Failed to fetch updates - TelegramNetworkError: HTTP Client says - ClientConnectorDNSError: Cannot connect to host api.telegram.org:443 ssl:default [nodename nor servname provided, or not known]
WARNING:aiogram.dispatcher:Sleep for 4.990990 seconds and try again... (tryings = 390, bot id = 8917065606)
ERROR:aiogram.dispatcher:Failed to fetch updates - TelegramNetworkError: HTTP Client says - ClientConnectorDNSError: Cannot connect to host api.telegram.org:443 ssl:default [nodename nor servname provided, or not known]
WARNING:aiogram.dispatcher:Sleep for 4.960223 seconds and try again... (tryings = 391, bot id = 8917065606)
ERROR:aiogram.dispatcher:Failed to fetch updates - TelegramNetworkError: HTTP Client says - ClientConnectorDNSError: Cannot connect to host api.telegram.org:443 ssl:default [nodename nor servname provided, or not known]
WARNING:aiogram.dispatcher:Sleep for 4.942208 seconds and try again... (tryings = 392, bot id = 8917065606)
ERROR:aiogram.dispatcher:Failed to fetch updates - TelegramNetworkError: HTTP Client says - ClientConnectorDNSError: Cannot connect to host api.telegram.org:443 ssl:default [nodename nor servname provided, or not known]
WARNING:aiogram.dispatcher:Sleep for 5.098701 seconds and try again... (tryings = 393, bot id = 8917065606)
ERROR:aiogram.dispatcher:Failed to fetch updates - TelegramNetworkError: HTTP Client says - ClientConnectorDNSError: Cannot connect to host api.telegram.org:443 ssl:default [nodename nor servname provided, or not known]
WARNING:aiogram.dispatcher:Sleep for 4.971623 seconds and try again... (tryings = 394, bot id = 8917065606)
ERROR:aiogram.dispatcher:Failed to fetch updates - TelegramNetworkError: HTTP Client says - ClientConnectorDNSError: Cannot connect to host api.telegram.org:443 ssl:default [nodename nor servname provided, or not known]
WARNING:aiogram.dispatcher:Sleep for 4.996497 seconds and try again... (tryings = 395, bot id = 8917065606)
ERROR:aiogram.dispatcher:Failed to fetch updates - TelegramNetworkError: HTTP Client says - ClientConnectorDNSError: Cannot connect to host api.telegram.org:443 ssl:default [nodename nor servname provided, or not known]
WARNING:aiogram.dispatcher:Sleep for 5.013401 seconds and try again... (tryings = 396, bot id = 8917065606)
ERROR:aiogram.dispatcher:Failed to fetch updates - TelegramNetworkError: HTTP Client says - ClientConnectorDNSError: Cannot connect to host api.telegram.org:443 ssl:default [nodename nor servname provided, or not known]
WARNING:aiogram.dispatcher:Sleep for 5.037012 seconds and try again... (tryings = 397, bot id = 8917065606)
ERROR:aiogram.dispatcher:Failed to fetch updates - TelegramNetworkError: HTTP Client says - ClientConnectorDNSError: Cannot connect to host api.telegram.org:443 ssl:default [nodename nor servname provided, or not known]
WARNING:aiogram.dispatcher:Sleep for 5.044352 seconds and try again... (tryings = 398, bot id = 8917065606)
ERROR:aiogram.dispatcher:Failed to fetch updates - TelegramNetworkError: HTTP Client says - ClientConnectorDNSError: Cannot connect to host api.telegram.org:443 ssl:default [nodename nor servname provided, or not known]
WARNING:aiogram.dispatcher:Sleep for 5.052632 seconds and try again... (tryings = 399, bot id = 8917065606)
ERROR:aiogram.dispatcher:Failed to fetch updates - TelegramNetworkError: HTTP Client says - ClientConnectorDNSError: Cannot connect to host api.telegram.org:443 ssl:default [nodename nor servname provided, or not known]
WARNING:aiogram.dispatcher:Sleep for 5.082122 seconds and try again... (tryings = 400, bot id = 8917065606)
ERROR:aiogram.dispatcher:Failed to fetch updates - TelegramNetworkError: HTTP Client says - ClientConnectorDNSError: Cannot connect to host api.telegram.org:443 ssl:default [nodename nor servname provided, or not known]
WARNING:aiogram.dispatcher:Sleep for 5.092291 seconds and try again... (tryings = 401, bot id = 8917065606)
ERROR:aiogram.dispatcher:Failed to fetch updates - TelegramNetworkError: HTTP Client says - ClientConnectorDNSError: Cannot connect to host api.telegram.org:443 ssl:default [nodename nor servname provided, or not known]
WARNING:aiogram.dispatcher:Sleep for 5.039687 seconds and try again... (tryings = 402, bot id = 8917065606)
ERROR:aiogram.dispatcher:Failed to fetch updates - TelegramNetworkError: HTTP Client says - ClientConnectorDNSError: Cannot connect to host api.telegram.org:443 ssl:default [nodename nor servname provided, or not known]
WARNING:aiogram.dispatcher:Sleep for 4.933650 seconds and try again... (tryings = 403, bot id = 8917065606)
ERROR:aiogram.dispatcher:Failed to fetch updates - TelegramNetworkError: HTTP Client says - ClientConnectorDNSError: Cannot connect to host api.telegram.org:443 ssl:default [nodename nor servname provided, or not known]
WARNING:aiogram.dispatcher:Sleep for 5.120385 seconds and try again... (tryings = 404, bot id = 8917065606)
ERROR:aiogram.dispatcher:Failed to fetch updates - TelegramNetworkError: HTTP Client says - ClientConnectorDNSError: Cannot connect to host api.telegram.org:443 ssl:default [nodename nor servname provided, or not known]
WARNING:aiogram.dispatcher:Sleep for 4.954453 seconds and try again... (tryings = 405, bot id = 8917065606)
ERROR:aiogram.dispatcher:Failed to fetch updates - TelegramNetworkError: HTTP Client says - ClientConnectorDNSError: Cannot connect to host api.telegram.org:443 ssl:default [nodename nor servname provided, or not known]
WARNING:aiogram.dispatcher:Sleep for 4.993322 seconds and try again... (tryings = 406, bot id = 8917065606)
ERROR:aiogram.dispatcher:Failed to fetch updates - TelegramNetworkError: HTTP Client says - ClientConnectorDNSError: Cannot connect to host api.telegram.org:443 ssl:default [nodename nor servname provided, or not known]
WARNING:aiogram.dispatcher:Sleep for 4.837762 seconds and try again... (tryings = 407, bot id = 8917065606)
ERROR:aiogram.dispatcher:Failed to fetch updates - TelegramNetworkError: HTTP Client says - ClientConnectorDNSError: Cannot connect to host api.telegram.org:443 ssl:default [nodename nor servname provided, or not known]
WARNING:aiogram.dispatcher:Sleep for 4.938102 seconds and try again... (tryings = 408, bot id = 8917065606)
ERROR:aiogram.dispatcher:Failed to fetch updates - TelegramNetworkError: HTTP Client says - ClientConnectorDNSError: Cannot connect to host api.telegram.org:443 ssl:default [nodename nor servname provided, or not known]
WARNING:aiogram.dispatcher:Sleep for 4.894900 seconds and try again... (tryings = 409, bot id = 8917065606)
ERROR:aiogram.dispatcher:Failed to fetch updates - TelegramNetworkError: HTTP Client says - ClientConnectorDNSError: Cannot connect to host api.telegram.org:443 ssl:default [nodename nor servname provided, or not known]
WARNING:aiogram.dispatcher:Sleep for 5.056858 seconds and try again... (tryings = 410, bot id = 8917065606)
ERROR:aiogram.dispatcher:Failed to fetch updates - TelegramNetworkError: HTTP Client says - ClientConnectorDNSError: Cannot connect to host api.telegram.org:443 ssl:default [nodename nor servname provided, or not known]
WARNING:aiogram.dispatcher:Sleep for 5.063190 seconds and try again... (tryings = 411, bot id = 8917065606)
ERROR:aiogram.dispatcher:Failed to fetch updates - TelegramNetworkError: HTTP Client says - ClientConnectorDNSError: Cannot connect to host api.telegram.org:443 ssl:default [nodename nor servname provided, or not known]
WARNING:aiogram.dispatcher:Sleep for 4.891633 seconds and try again... (tryings = 412, bot id = 8917065606)
ERROR:aiogram.dispatcher:Failed to fetch updates - TelegramNetworkError: HTTP Client says - ClientConnectorDNSError: Cannot connect to host api.telegram.org:443 ssl:default [nodename nor servname provided, or not known]
WARNING:aiogram.dispatcher:Sleep for 4.996694 seconds and try again... (tryings = 413, bot id = 8917065606)
ERROR:aiogram.dispatcher:Failed to fetch updates - TelegramNetworkError: HTTP Client says - ClientConnectorDNSError: Cannot connect to host api.telegram.org:443 ssl:default [nodename nor servname provided, or not known]
WARNING:aiogram.dispatcher:Sleep for 4.816768 seconds and try again... (tryings = 414, bot id = 8917065606)
ERROR:aiogram.dispatcher:Failed to fetch updates - TelegramNetworkError: HTTP Client says - ClientConnectorDNSError: Cannot connect to host api.telegram.org:443 ssl:default [nodename nor servname provided, or not known]
WARNING:aiogram.dispatcher:Sleep for 5.058478 seconds and try again... (tryings = 415, bot id = 8917065606)
ERROR:aiogram.dispatcher:Failed to fetch updates - TelegramNetworkError: HTTP Client says - ClientConnectorDNSError: Cannot connect to host api.telegram.org:443 ssl:default [nodename nor servname provided, or not known]
WARNING:aiogram.dispatcher:Sleep for 5.007638 seconds and try again... (tryings = 416, bot id = 8917065606)
ERROR:aiogram.dispatcher:Failed to fetch updates - TelegramNetworkError: HTTP Client says - ClientConnectorDNSError: Cannot connect to host api.telegram.org:443 ssl:default [nodename nor servname provided, or not known]
WARNING:aiogram.dispatcher:Sleep for 4.911827 seconds and try again... (tryings = 417, bot id = 8917065606)
ERROR:aiogram.dispatcher:Failed to fetch updates - TelegramNetworkError: HTTP Client says - ClientConnectorDNSError: Cannot connect to host api.telegram.org:443 ssl:default [nodename nor servname provided, or not known]
WARNING:aiogram.dispatcher:Sleep for 5.013875 seconds and try again... (tryings = 418, bot id = 8917065606)
ERROR:aiogram.dispatcher:Failed to fetch updates - TelegramNetworkError: HTTP Client says - Request timeout error
WARNING:aiogram.dispatcher:Sleep for 4.961733 seconds and try again... (tryings = 419, bot id = 8917065606)
ERROR:aiogram.dispatcher:Failed to fetch updates - TelegramNetworkError: HTTP Client says - ClientConnectorError: Cannot connect to host api.telegram.org:443 ssl:default [Network is unreachable]
WARNING:aiogram.dispatcher:Sleep for 5.005215 seconds and try again... (tryings = 420, bot id = 8917065606)
ERROR:aiogram.dispatcher:Failed to fetch updates - TelegramNetworkError: HTTP Client says - ClientConnectorError: Cannot connect to host api.telegram.org:443 ssl:default [Network is unreachable]
WARNING:aiogram.dispatcher:Sleep for 5.011700 seconds and try again... (tryings = 421, bot id = 8917065606)
ERROR:aiogram.dispatcher:Failed to fetch updates - TelegramNetworkError: HTTP Client says - ClientConnectorError: Cannot connect to host api.telegram.org:443 ssl:default [Network is unreachable]
WARNING:aiogram.dispatcher:Sleep for 4.935394 seconds and try again... (tryings = 422, bot id = 8917065606)
ERROR:aiogram.dispatcher:Failed to fetch updates - TelegramNetworkError: HTTP Client says - ClientConnectorError: Cannot connect to host api.telegram.org:443 ssl:default [Network is unreachable]
WARNING:aiogram.dispatcher:Sleep for 5.062404 seconds and try again... (tryings = 423, bot id = 8917065606)
ERROR:aiogram.dispatcher:Failed to fetch updates - TelegramNetworkError: HTTP Client says - ClientConnectorError: Cannot connect to host api.telegram.org:443 ssl:default [Network is unreachable]
WARNING:aiogram.dispatcher:Sleep for 5.055319 seconds and try again... (tryings = 424, bot id = 8917065606)
ERROR:aiogram.dispatcher:Failed to fetch updates - TelegramNetworkError: HTTP Client says - ClientConnectorError: Cannot connect to host api.telegram.org:443 ssl:default [Network is unreachable]
WARNING:aiogram.dispatcher:Sleep for 5.064368 seconds and try again... (tryings = 425, bot id = 8917065606)
ERROR:aiogram.dispatcher:Failed to fetch updates - TelegramNetworkError: HTTP Client says - ClientConnectorError: Cannot connect to host api.telegram.org:443 ssl:default [Network is unreachable]
WARNING:aiogram.dispatcher:Sleep for 4.973286 seconds and try again... (tryings = 426, bot id = 8917065606)
ERROR:aiogram.dispatcher:Failed to fetch updates - TelegramNetworkError: HTTP Client says - ClientConnectorError: Cannot connect to host api.telegram.org:443 ssl:default [Network is unreachable]
WARNING:aiogram.dispatcher:Sleep for 5.073532 seconds and try again... (tryings = 427, bot id = 8917065606)
ERROR:aiogram.dispatcher:Failed to fetch updates - TelegramNetworkError: HTTP Client says - ClientConnectorError: Cannot connect to host api.telegram.org:443 ssl:default [Network is unreachable]
WARNING:aiogram.dispatcher:Sleep for 4.993296 seconds and try again... (tryings = 428, bot id = 8917065606)
ERROR:aiogram.dispatcher:Failed to fetch updates - TelegramNetworkError: HTTP Client says - ClientConnectorError: Cannot connect to host api.telegram.org:443 ssl:default [Network is unreachable]
WARNING:aiogram.dispatcher:Sleep for 4.776251 seconds and try again... (tryings = 429, bot id = 8917065606)
ERROR:aiogram.dispatcher:Failed to fetch updates - TelegramNetworkError: HTTP Client says - ClientConnectorError: Cannot connect to host api.telegram.org:443 ssl:default [Network is unreachable]
WARNING:aiogram.dispatcher:Sleep for 4.840760 seconds and try again... (tryings = 430, bot id = 8917065606)
ERROR:aiogram.dispatcher:Failed to fetch updates - TelegramNetworkError: HTTP Client says - ClientConnectorError: Cannot connect to host api.telegram.org:443 ssl:default [Network is unreachable]
WARNING:aiogram.dispatcher:Sleep for 4.941394 seconds and try again... (tryings = 431, bot id = 8917065606)
ERROR:aiogram.dispatcher:Failed to fetch updates - TelegramNetworkError: HTTP Client says - ClientConnectorError: Cannot connect to host api.telegram.org:443 ssl:default [Network is unreachable]
WARNING:aiogram.dispatcher:Sleep for 5.075580 seconds and try again... (tryings = 432, bot id = 8917065606)
ERROR:aiogram.dispatcher:Failed to fetch updates - TelegramNetworkError: HTTP Client says - ClientConnectorError: Cannot connect to host api.telegram.org:443 ssl:default [Network is unreachable]
WARNING:aiogram.dispatcher:Sleep for 4.909608 seconds and try again... (tryings = 433, bot id = 8917065606)
ERROR:aiogram.dispatcher:Failed to fetch updates - TelegramNetworkError: HTTP Client says - ClientConnectorError: Cannot connect to host api.telegram.org:443 ssl:default [Network is unreachable]
WARNING:aiogram.dispatcher:Sleep for 5.034785 seconds and try again... (tryings = 434, bot id = 8917065606)
ERROR:aiogram.dispatcher:Failed to fetch updates - TelegramNetworkError: HTTP Client says - ClientConnectorError: Cannot connect to host api.telegram.org:443 ssl:default [Network is unreachable]
WARNING:aiogram.dispatcher:Sleep for 5.072205 seconds and try again... (tryings = 435, bot id = 8917065606)
ERROR:aiogram.dispatcher:Failed to fetch updates - TelegramNetworkError: HTTP Client says - ClientConnectorError: Cannot connect to host api.telegram.org:443 ssl:default [Network is unreachable]
WARNING:aiogram.dispatcher:Sleep for 4.933163 seconds and try again... (tryings = 436, bot id = 8917065606)
ERROR:aiogram.dispatcher:Failed to fetch updates - TelegramNetworkError: HTTP Client says - ClientConnectorError: Cannot connect to host api.telegram.org:443 ssl:default [Network is unreachable]
WARNING:aiogram.dispatcher:Sleep for 4.771179 seconds and try again... (tryings = 437, bot id = 8917065606)
ERROR:aiogram.dispatcher:Failed to fetch updates - TelegramNetworkError: HTTP Client says - ClientConnectorError: Cannot connect to host api.telegram.org:443 ssl:default [Network is unreachable]
WARNING:aiogram.dispatcher:Sleep for 5.113642 seconds and try again... (tryings = 438, bot id = 8917065606)
ERROR:aiogram.dispatcher:Failed to fetch updates - TelegramNetworkError: HTTP Client says - ClientConnectorError: Cannot connect to host api.telegram.org:443 ssl:default [Network is unreachable]
WARNING:aiogram.dispatcher:Sleep for 5.010340 seconds and try again... (tryings = 439, bot id = 8917065606)
ERROR:aiogram.dispatcher:Failed to fetch updates - TelegramNetworkError: HTTP Client says - ClientConnectorError: Cannot connect to host api.telegram.org:443 ssl:default [Network is unreachable]
WARNING:aiogram.dispatcher:Sleep for 4.970379 seconds and try again... (tryings = 440, bot id = 8917065606)
ERROR:aiogram.dispatcher:Failed to fetch updates - TelegramNetworkError: HTTP Client says - ClientConnectorError: Cannot connect to host api.telegram.org:443 ssl:default [Network is unreachable]
WARNING:aiogram.dispatcher:Sleep for 4.931774 seconds and try again... (tryings = 441, bot id = 8917065606)
ERROR:aiogram.dispatcher:Failed to fetch updates - TelegramNetworkError: HTTP Client says - ClientConnectorError: Cannot connect to host api.telegram.org:443 ssl:default [Network is unreachable]
WARNING:aiogram.dispatcher:Sleep for 4.954464 seconds and try again... (tryings = 442, bot id = 8917065606)
ERROR:app.notify:[notify] telegram 발송 실패: [Errno 8] nodename nor servname provided, or not known
ERROR:aiogram.dispatcher:Failed to fetch updates - TelegramNetworkError: HTTP Client says - ClientConnectorError: Cannot connect to host api.telegram.org:443 ssl:default [Network is unreachable]
WARNING:aiogram.dispatcher:Sleep for 5.021953 seconds and try again... (tryings = 443, bot id = 8917065606)
ERROR:aiogram.dispatcher:Failed to fetch updates - TelegramNetworkError: HTTP Client says - ClientConnectorError: Cannot connect to host api.telegram.org:443 ssl:default [Network is unreachable]
WARNING:aiogram.dispatcher:Sleep for 5.019339 seconds and try again... (tryings = 444, bot id = 8917065606)
ERROR:aiogram.dispatcher:Failed to fetch updates - TelegramNetworkError: HTTP Client says - ClientConnectorError: Cannot connect to host api.telegram.org:443 ssl:default [Network is unreachable]
WARNING:aiogram.dispatcher:Sleep for 4.963842 seconds and try again... (tryings = 445, bot id = 8917065606)
ERROR:aiogram.dispatcher:Failed to fetch updates - TelegramNetworkError: HTTP Client says - ClientConnectorError: Cannot connect to host api.telegram.org:443 ssl:default [Network is unreachable]
WARNING:aiogram.dispatcher:Sleep for 5.171875 seconds and try again... (tryings = 446, bot id = 8917065606)
ERROR:aiogram.dispatcher:Failed to fetch updates - TelegramNetworkError: HTTP Client says - ClientConnectorError: Cannot connect to host api.telegram.org:443 ssl:default [Network is unreachable]
WARNING:aiogram.dispatcher:Sleep for 5.030684 seconds and try again... (tryings = 447, bot id = 8917065606)
ERROR:aiogram.dispatcher:Failed to fetch updates - TelegramNetworkError: HTTP Client says - ClientConnectorError: Cannot connect to host api.telegram.org:443 ssl:default [Network is unreachable]
WARNING:aiogram.dispatcher:Sleep for 5.089708 seconds and try again... (tryings = 448, bot id = 8917065606)
ERROR:aiogram.dispatcher:Failed to fetch updates - TelegramNetworkError: HTTP Client says - ClientConnectorError: Cannot connect to host api.telegram.org:443 ssl:default [Network is unreachable]
WARNING:aiogram.dispatcher:Sleep for 4.943862 seconds and try again... (tryings = 449, bot id = 8917065606)
ERROR:aiogram.dispatcher:Failed to fetch updates - TelegramNetworkError: HTTP Client says - ClientConnectorError: Cannot connect to host api.telegram.org:443 ssl:default [Network is unreachable]
WARNING:aiogram.dispatcher:Sleep for 4.883614 seconds and try again... (tryings = 450, bot id = 8917065606)
ERROR:aiogram.dispatcher:Failed to fetch updates - TelegramNetworkError: HTTP Client says - ClientConnectorError: Cannot connect to host api.telegram.org:443 ssl:default [Network is unreachable]
WARNING:aiogram.dispatcher:Sleep for 5.073775 seconds and try again... (tryings = 451, bot id = 8917065606)
ERROR:aiogram.dispatcher:Failed to fetch updates - TelegramNetworkError: HTTP Client says - ClientConnectorError: Cannot connect to host api.telegram.org:443 ssl:default [Network is unreachable]
WARNING:aiogram.dispatcher:Sleep for 4.912445 seconds and try again... (tryings = 452, bot id = 8917065606)
ERROR:aiogram.dispatcher:Failed to fetch updates - TelegramNetworkError: HTTP Client says - ClientConnectorError: Cannot connect to host api.telegram.org:443 ssl:default [Network is unreachable]
WARNING:aiogram.dispatcher:Sleep for 4.962140 seconds and try again... (tryings = 453, bot id = 8917065606)
ERROR:aiogram.dispatcher:Failed to fetch updates - TelegramNetworkError: HTTP Client says - ClientConnectorError: Cannot connect to host api.telegram.org:443 ssl:default [Network is unreachable]
WARNING:aiogram.dispatcher:Sleep for 5.071231 seconds and try again... (tryings = 454, bot id = 8917065606)
ERROR:aiogram.dispatcher:Failed to fetch updates - TelegramNetworkError: HTTP Client says - ClientConnectorError: Cannot connect to host api.telegram.org:443 ssl:default [Network is unreachable]
WARNING:aiogram.dispatcher:Sleep for 5.030112 seconds and try again... (tryings = 455, bot id = 8917065606)
ERROR:aiogram.dispatcher:Failed to fetch updates - TelegramNetworkError: HTTP Client says - ClientConnectorError: Cannot connect to host api.telegram.org:443 ssl:default [Network is unreachable]
WARNING:aiogram.dispatcher:Sleep for 5.127445 seconds and try again... (tryings = 456, bot id = 8917065606)
ERROR:aiogram.dispatcher:Failed to fetch updates - TelegramNetworkError: HTTP Client says - ClientConnectorError: Cannot connect to host api.telegram.org:443 ssl:default [Network is unreachable]
WARNING:aiogram.dispatcher:Sleep for 5.067263 seconds and try again... (tryings = 457, bot id = 8917065606)
ERROR:aiogram.dispatcher:Failed to fetch updates - TelegramNetworkError: HTTP Client says - ClientConnectorError: Cannot connect to host api.telegram.org:443 ssl:default [Network is unreachable]
WARNING:aiogram.dispatcher:Sleep for 4.938114 seconds and try again... (tryings = 458, bot id = 8917065606)
ERROR:aiogram.dispatcher:Failed to fetch updates - TelegramNetworkError: HTTP Client says - ClientConnectorError: Cannot connect to host api.telegram.org:443 ssl:default [Network is unreachable]
WARNING:aiogram.dispatcher:Sleep for 4.968484 seconds and try again... (tryings = 459, bot id = 8917065606)
ERROR:aiogram.dispatcher:Failed to fetch updates - TelegramNetworkError: HTTP Client says - ClientConnectorError: Cannot connect to host api.telegram.org:443 ssl:default [Network is unreachable]
WARNING:aiogram.dispatcher:Sleep for 4.912153 seconds and try again... (tryings = 460, bot id = 8917065606)
ERROR:aiogram.dispatcher:Failed to fetch updates - TelegramNetworkError: HTTP Client says - ClientConnectorError: Cannot connect to host api.telegram.org:443 ssl:default [Network is unreachable]
WARNING:aiogram.dispatcher:Sleep for 4.891332 seconds and try again... (tryings = 461, bot id = 8917065606)
ERROR:aiogram.dispatcher:Failed to fetch updates - TelegramNetworkError: HTTP Client says - ClientConnectorError: Cannot connect to host api.telegram.org:443 ssl:default [Network is unreachable]
WARNING:aiogram.dispatcher:Sleep for 4.976793 seconds and try again... (tryings = 462, bot id = 8917065606)
ERROR:aiogram.dispatcher:Failed to fetch updates - TelegramNetworkError: HTTP Client says - ClientConnectorError: Cannot connect to host api.telegram.org:443 ssl:default [Network is unreachable]
WARNING:aiogram.dispatcher:Sleep for 5.003795 seconds and try again... (tryings = 463, bot id = 8917065606)
ERROR:aiogram.dispatcher:Failed to fetch updates - TelegramNetworkError: HTTP Client says - ClientConnectorError: Cannot connect to host api.telegram.org:443 ssl:default [Network is unreachable]
WARNING:aiogram.dispatcher:Sleep for 5.022897 seconds and try again... (tryings = 464, bot id = 8917065606)
ERROR:aiogram.dispatcher:Failed to fetch updates - TelegramNetworkError: HTTP Client says - ClientConnectorError: Cannot connect to host api.telegram.org:443 ssl:default [Network is unreachable]
WARNING:aiogram.dispatcher:Sleep for 5.089940 seconds and try again... (tryings = 465, bot id = 8917065606)
ERROR:aiogram.dispatcher:Failed to fetch updates - TelegramNetworkError: HTTP Client says - ClientConnectorError: Cannot connect to host api.telegram.org:443 ssl:default [Network is unreachable]
WARNING:aiogram.dispatcher:Sleep for 4.879857 seconds and try again... (tryings = 466, bot id = 8917065606)
ERROR:aiogram.dispatcher:Failed to fetch updates - TelegramNetworkError: HTTP Client says - ClientConnectorError: Cannot connect to host api.telegram.org:443 ssl:default [Network is unreachable]
WARNING:aiogram.dispatcher:Sleep for 4.927538 seconds and try again... (tryings = 467, bot id = 8917065606)
ERROR:aiogram.dispatcher:Failed to fetch updates - TelegramNetworkError: HTTP Client says - ClientConnectorError: Cannot connect to host api.telegram.org:443 ssl:default [Network is unreachable]
WARNING:aiogram.dispatcher:Sleep for 5.044440 seconds and try again... (tryings = 468, bot id = 8917065606)
ERROR:aiogram.dispatcher:Failed to fetch updates - TelegramNetworkError: HTTP Client says - ClientConnectorError: Cannot connect to host api.telegram.org:443 ssl:default [Network is unreachable]
WARNING:aiogram.dispatcher:Sleep for 5.125314 seconds and try again... (tryings = 469, bot id = 8917065606)
ERROR:aiogram.dispatcher:Failed to fetch updates - TelegramNetworkError: HTTP Client says - ClientConnectorError: Cannot connect to host api.telegram.org:443 ssl:default [Network is unreachable]
WARNING:aiogram.dispatcher:Sleep for 4.940001 seconds and try again... (tryings = 470, bot id = 8917065606)
ERROR:aiogram.dispatcher:Failed to fetch updates - TelegramNetworkError: HTTP Client says - ClientConnectorError: Cannot connect to host api.telegram.org:443 ssl:default [Network is unreachable]
WARNING:aiogram.dispatcher:Sleep for 4.999741 seconds and try again... (tryings = 471, bot id = 8917065606)
ERROR:aiogram.dispatcher:Failed to fetch updates - TelegramNetworkError: HTTP Client says - ClientConnectorError: Cannot connect to host api.telegram.org:443 ssl:default [Network is unreachable]
WARNING:aiogram.dispatcher:Sleep for 4.898761 seconds and try again... (tryings = 472, bot id = 8917065606)
ERROR:aiogram.dispatcher:Failed to fetch updates - TelegramNetworkError: HTTP Client says - ClientConnectorError: Cannot connect to host api.telegram.org:443 ssl:default [Network is unreachable]
WARNING:aiogram.dispatcher:Sleep for 4.838589 seconds and try again... (tryings = 473, bot id = 8917065606)
ERROR:aiogram.dispatcher:Failed to fetch updates - TelegramNetworkError: HTTP Client says - ClientConnectorError: Cannot connect to host api.telegram.org:443 ssl:default [Network is unreachable]
WARNING:aiogram.dispatcher:Sleep for 4.993613 seconds and try again... (tryings = 474, bot id = 8917065606)
ERROR:aiogram.dispatcher:Failed to fetch updates - TelegramNetworkError: HTTP Client says - ClientConnectorError: Cannot connect to host api.telegram.org:443 ssl:default [Network is unreachable]
WARNING:aiogram.dispatcher:Sleep for 4.936964 seconds and try again... (tryings = 475, bot id = 8917065606)
ERROR:aiogram.dispatcher:Failed to fetch updates - TelegramNetworkError: HTTP Client says - ClientConnectorError: Cannot connect to host api.telegram.org:443 ssl:default [Network is unreachable]
WARNING:aiogram.dispatcher:Sleep for 4.828007 seconds and try again... (tryings = 476, bot id = 8917065606)
ERROR:aiogram.dispatcher:Failed to fetch updates - TelegramNetworkError: HTTP Client says - ClientConnectorError: Cannot connect to host api.telegram.org:443 ssl:default [Network is unreachable]
WARNING:aiogram.dispatcher:Sleep for 5.002561 seconds and try again... (tryings = 477, bot id = 8917065606)
ERROR:aiogram.dispatcher:Failed to fetch updates - TelegramNetworkError: HTTP Client says - ClientConnectorError: Cannot connect to host api.telegram.org:443 ssl:default [Network is unreachable]
WARNING:aiogram.dispatcher:Sleep for 5.302604 seconds and try again... (tryings = 478, bot id = 8917065606)
ERROR:aiogram.dispatcher:Failed to fetch updates - TelegramNetworkError: HTTP Client says - ClientConnectorError: Cannot connect to host api.telegram.org:443 ssl:default [Network is unreachable]
WARNING:aiogram.dispatcher:Sleep for 5.076338 seconds and try again... (tryings = 479, bot id = 8917065606)
ERROR:aiogram.dispatcher:Failed to fetch updates - TelegramNetworkError: HTTP Client says - ClientConnectorError: Cannot connect to host api.telegram.org:443 ssl:default [Network is unreachable]
WARNING:aiogram.dispatcher:Sleep for 5.064654 seconds and try again... (tryings = 480, bot id = 8917065606)
ERROR:aiogram.dispatcher:Failed to fetch updates - TelegramNetworkError: HTTP Client says - ClientConnectorError: Cannot connect to host api.telegram.org:443 ssl:default [Network is unreachable]
WARNING:aiogram.dispatcher:Sleep for 5.025584 seconds and try again... (tryings = 481, bot id = 8917065606)
ERROR:aiogram.dispatcher:Failed to fetch updates - TelegramNetworkError: HTTP Client says - ClientConnectorError: Cannot connect to host api.telegram.org:443 ssl:default [Network is unreachable]
WARNING:aiogram.dispatcher:Sleep for 4.957618 seconds and try again... (tryings = 482, bot id = 8917065606)
ERROR:aiogram.dispatcher:Failed to fetch updates - TelegramNetworkError: HTTP Client says - ClientConnectorError: Cannot connect to host api.telegram.org:443 ssl:default [Network is unreachable]
WARNING:aiogram.dispatcher:Sleep for 5.020973 seconds and try again... (tryings = 483, bot id = 8917065606)
ERROR:aiogram.dispatcher:Failed to fetch updates - TelegramNetworkError: HTTP Client says - ClientConnectorError: Cannot connect to host api.telegram.org:443 ssl:default [Network is unreachable]
WARNING:aiogram.dispatcher:Sleep for 5.116266 seconds and try again... (tryings = 484, bot id = 8917065606)
ERROR:aiogram.dispatcher:Failed to fetch updates - TelegramNetworkError: HTTP Client says - ClientConnectorError: Cannot connect to host api.telegram.org:443 ssl:default [Network is unreachable]
WARNING:aiogram.dispatcher:Sleep for 4.988647 seconds and try again... (tryings = 485, bot id = 8917065606)
ERROR:aiogram.dispatcher:Failed to fetch updates - TelegramNetworkError: HTTP Client says - ClientConnectorError: Cannot connect to host api.telegram.org:443 ssl:default [Network is unreachable]
WARNING:aiogram.dispatcher:Sleep for 4.924399 seconds and try again... (tryings = 486, bot id = 8917065606)
ERROR:aiogram.dispatcher:Failed to fetch updates - TelegramNetworkError: HTTP Client says - ClientConnectorError: Cannot connect to host api.telegram.org:443 ssl:default [Network is unreachable]
WARNING:aiogram.dispatcher:Sleep for 5.075915 seconds and try again... (tryings = 487, bot id = 8917065606)
ERROR:aiogram.dispatcher:Failed to fetch updates - TelegramNetworkError: HTTP Client says - ClientConnectorError: Cannot connect to host api.telegram.org:443 ssl:default [Network is unreachable]
WARNING:aiogram.dispatcher:Sleep for 4.962018 seconds and try again... (tryings = 488, bot id = 8917065606)
ERROR:aiogram.dispatcher:Failed to fetch updates - TelegramNetworkError: HTTP Client says - ClientConnectorError: Cannot connect to host api.telegram.org:443 ssl:default [Network is unreachable]
WARNING:aiogram.dispatcher:Sleep for 4.928472 seconds and try again... (tryings = 489, bot id = 8917065606)
ERROR:aiogram.dispatcher:Failed to fetch updates - TelegramNetworkError: HTTP Client says - ClientConnectorError: Cannot connect to host api.telegram.org:443 ssl:default [Network is unreachable]
WARNING:aiogram.dispatcher:Sleep for 4.990349 seconds and try again... (tryings = 490, bot id = 8917065606)
ERROR:aiogram.dispatcher:Failed to fetch updates - TelegramNetworkError: HTTP Client says - ClientConnectorError: Cannot connect to host api.telegram.org:443 ssl:default [Network is unreachable]
WARNING:aiogram.dispatcher:Sleep for 5.017522 seconds and try again... (tryings = 491, bot id = 8917065606)
ERROR:aiogram.dispatcher:Failed to fetch updates - TelegramNetworkError: HTTP Client says - ClientConnectorError: Cannot connect to host api.telegram.org:443 ssl:default [Network is unreachable]
WARNING:aiogram.dispatcher:Sleep for 4.910322 seconds and try again... (tryings = 492, bot id = 8917065606)
INFO:aiogram.dispatcher:Connection established (tryings = 493, bot id = 8917065606)
INFO:httpx2:HTTP Request: POST https://api.anthropic.com/v1/messages "HTTP/1.1 200 OK"
INFO:app.collectors.base:[mlb] client mode: LIVE
INFO:httpx:HTTP Request: GET https://statsapi.mlb.com/api/v1/schedule?sportId=1&date=2024-08-26&hydrate=probablePitcher "HTTP/1.1 200 OK"
INFO:app.collectors.mlb:[mlb] upserted 12 games for 2024-08-26
INFO:app.collectors.base:[odds] client mode: LIVE
INFO:app.collectors.base:[grok] client mode: LIVE
INFO:httpx:HTTP Request: GET https://api.the-odds-api.com/v4/sports/baseball_mlb/odds?apiKey=e6084d8151f17becac5a0f6577b3760f&regions=us&markets=h2h%2Cspreads%2Ctotals&oddsFormat=decimal "HTTP/1.1 200 OK"
INFO:app.collectors.odds:[odds] quota: used=278 remaining=222
INFO:httpx:HTTP Request: GET https://statsapi.mlb.com/api/v1/standings?leagueId=103%2C104 "HTTP/1.1 200 OK"
WARNING:app.collectors.odds:[odds] no game match: Tampa Bay Rays @ Detroit Tigers (2026-08-26T17:11:00Z)
WARNING:app.collectors.odds:[odds] no game match: Chicago Cubs @ Arizona Diamondbacks (2026-08-26T19:41:00Z)
WARNING:app.collectors.odds:[odds] no game match: Cincinnati Reds @ San Francisco Giants (2026-08-26T19:46:00Z)
WARNING:app.collectors.odds:[odds] no game match: Cleveland Guardians @ Los Angeles Angels (2026-08-26T20:08:00Z)
WARNING:app.collectors.odds:[odds] no game match: Philadelphia Phillies @ Seattle Mariners (2026-08-26T20:11:00Z)
WARNING:app.collectors.odds:[odds] no game match: Pittsburgh Pirates @ San Diego Padres (2026-08-26T20:11:00Z)
WARNING:app.collectors.odds:[odds] no game match: Boston Red Sox @ Miami Marlins (2026-08-26T22:41:00Z)
WARNING:app.collectors.odds:[odds] no game match: Kansas City Royals @ Toronto Blue Jays (2026-08-26T23:08:00Z)
WARNING:app.collectors.odds:[odds] no game match: Milwaukee Brewers @ New York Mets (2026-08-26T23:11:00Z)
WARNING:app.collectors.odds:[odds] no game match: Los Angeles Dodgers @ Atlanta Braves (2026-08-26T23:16:00Z)
WARNING:app.collectors.odds:[odds] no game match: Texas Rangers @ Chicago White Sox (2026-08-26T23:41:00Z)
WARNING:app.collectors.odds:[odds] no game match: Baltimore Orioles @ St. Louis Cardinals (2026-08-26T23:46:00Z)
WARNING:app.collectors.odds:[odds] no game match: Minnesota Twins @ Athletics (2026-08-27T01:06:00Z)
INFO:app.collectors.odds:[odds] inserted 808 snapshot rows (mlb), skipped 0 in-play events
INFO:httpx:HTTP Request: GET https://statsapi.mlb.com/api/v1/people?personIds=680704%2C666142%2C671106%2C679525%2C601713%2C621114%2C656605%2C592791%2C554430%2C669854&hydrate=stats%28group%3D%5Bpitching%5D%2Ctype%3D%5Bseason%5D%29 "HTTP/1.1 200 OK"
INFO:httpx:HTTP Request: GET https://statsapi.mlb.com/api/v1/people?personIds=680730%2C641482%2C677161%2C621244%2C641927%2C608331%2C502043%2C681190%2C663436%2C680744&hydrate=stats%28group%3D%5Bpitching%5D%2Ctype%3D%5Bseason%5D%29 "HTTP/1.1 200 OK"
INFO:httpx:HTTP Request: GET https://statsapi.mlb.com/api/v1/people?personIds=663372%2C665795%2C682243%2C686752&hydrate=stats%28group%3D%5Bpitching%5D%2Ctype%3D%5Bseason%5D%29 "HTTP/1.1 200 OK"
INFO:httpx:HTTP Request: POST https://api.x.ai/v1/responses "HTTP/1.1 200 OK"
WARNING:app.research.grok:[grok] english detected in briefing — regenerating once
INFO:httpx:HTTP Request: POST https://api.x.ai/v1/responses "HTTP/1.1 200 OK"
INFO:httpx:HTTP Request: POST https://api.telegram.org/bot8917065606:AAFNVcvr-9utcNkffJxcNIiN9I_j3fpHMLI/sendMessage "HTTP/1.1 200 OK"
INFO:app.research.crosscheck:[crosscheck] 표본 0항목 전부 API와 일치 (불일치 0)
WARNING:app.collectors.statcast:[statcast] 2024-08-26 기준 최근 3일 캐시가 모두 없다 — λ 산출 불가
INFO:aiogram.event:Update id=276017647 is handled. Duration 53925 ms by bot id=8917065606
INFO:aiogram.event:Update id=276017648 is handled. Duration 863 ms by bot id=8917065606
